gasDayStart,consumptionFull
2024-10-18,28.81
2024-10-17,28.77
2024-10-16,28.73
2024-10-15,28.64
2024-10-14,28.56
2024-10-13,28.55
2024-10-12,28.51
2024-10-11,28.46
2024-10-10,28.43
2024-10-09,28.4
2024-10-08,28.35
2024-10-07,28.33
2024-10-06,28.27
2024-10-05,28.18
2024-10-04,28.1
2024-10-03,28.08
2024-10-02,28.1
2024-10-01,28.08
2024-09-30,28.05
2024-09-29,28.03
2024-09-28,27.97
2024-09-27,27.92
2024-09-26,27.92
2024-09-25,27.9
2024-09-24,27.87
2024-09-23,27.88
2024-09-22,27.85
2024-09-21,27.78
2024-09-20,27.72
2024-09-19,27.68
2024-09-18,27.69
2024-09-17,27.72
2024-09-16,27.76
2024-09-15,27.77
2024-09-14,27.76
2024-09-13,27.77
2024-09-12,27.78
2024-09-11,27.8
2024-09-10,27.82
2024-09-09,27.78
2024-09-08,27.72
2024-09-07,27.69
2024-09-06,27.67
2024-09-05,27.59
2024-09-04,27.52
2024-09-03,27.45
2024-09-02,27.37
2024-09-01,27.3
2024-08-31,27.16
2024-08-30,27.03
2024-08-29,26.93
2024-08-28,26.82
2024-08-27,26.71
2024-08-26,26.57
2024-08-25,26.41
2024-08-24,26.23
2024-08-23,26.04
2024-08-22,25.88
2024-08-21,25.73
2024-08-20,25.59
2024-08-19,25.45
2024-08-18,25.31
2024-08-17,25.12
2024-08-16,24.95
2024-08-15,24.77
2024-08-14,24.6
2024-08-13,24.48
2024-08-12,24.36
2024-08-11,24.24
2024-08-10,24.11
2024-08-09,23.97
2024-08-08,23.85
2024-08-07,23.74
2024-08-06,23.61
2024-08-05,23.48
2024-08-04,23.38
2024-08-03,23.23
2024-08-02,23.08
2024-08-01,22.96
2024-07-31,22.86
2024-07-30,22.78
2024-07-29,22.73
2024-07-28,22.68
2024-07-27,22.57
2024-07-26,22.47
2024-07-25,22.41
2024-07-24,22.34
2024-07-23,22.27
2024-07-22,22.21
2024-07-21,22.14
2024-07-20,22.0
2024-07-19,21.88
2024-07-18,21.79
2024-07-17,21.72
2024-07-16,21.64
2024-07-15,21.56
2024-07-14,21.42
2024-07-13,21.28
2024-07-12,21.15
2024-07-11,21.01
2024-07-10,20.91
2024-07-09,20.79
2024-07-08,20.66
2024-07-07,20.52
2024-07-06,20.42
2024-07-05,20.31
2024-07-04,20.21
2024-07-03,20.12
2024-07-02,20.03
2024-07-01,19.95
2024-06-30,19.87
2024-06-29,19.75
2024-06-28,19.63
2024-06-27,19.52
2024-06-26,19.41
2024-06-25,19.33
2024-06-24,19.24
2024-06-23,19.17
2024-06-22,19.06
2024-06-21,18.94
2024-06-20,18.86
2024-06-19,18.8
2024-06-18,18.71
2024-06-17,18.62
2024-06-16,18.53
2024-06-15,18.39
2024-06-14,18.25
2024-06-13,18.18
2024-06-12,18.16
2024-06-11,18.11
2024-06-10,18.06
2024-06-09,17.99
2024-06-08,17.86
2024-06-07,17.72
2024-06-06,17.61
2024-06-05,17.54
2024-06-04,17.48
2024-06-03,17.43
2024-06-02,17.42
2024-06-01,17.33
2024-05-31,17.23
2024-05-30,17.12
2024-05-29,17.04
2024-05-28,16.99
2024-05-27,16.93
2024-05-26,16.85
2024-05-25,16.72
2024-05-24,16.6
2024-05-23,16.53
2024-05-22,16.47
2024-05-21,16.46
2024-05-20,16.44
2024-05-19,16.35
2024-05-18,16.23
2024-05-17,16.1
2024-05-16,16.01
2024-05-15,15.95
2024-05-14,15.85
2024-05-13,15.72
2024-05-12,15.59
2024-05-11,15.4
2024-05-10,15.22
2024-05-09,15.07
2024-05-08,14.94
2024-05-07,14.87
2024-05-06,14.8
2024-05-05,14.77
2024-05-04,14.66
2024-05-03,14.57
2024-05-02,14.53
2024-05-01,14.47
2024-04-30,14.36
2024-04-29,14.23
2024-04-28,14.11
2024-04-27,13.99
2024-04-26,13.87
2024-04-25,13.84
2024-04-24,13.84
2024-04-23,13.82
2024-04-22,13.77
2024-04-21,13.72
2024-04-20,13.64
2024-04-19,13.54
2024-04-18,13.46
2024-04-17,13.39
2024-04-16,13.34
2024-04-15,13.25
2024-04-14,13.13
2024-04-13,12.93
2024-04-12,12.73
2024-04-11,12.57
2024-04-10,12.48
2024-04-09,12.43
2024-04-08,12.34
2024-04-07,12.23
2024-04-06,12.03
2024-04-05,11.84
2024-04-04,11.7
2024-04-03,11.59
2024-04-02,11.52
2024-04-01,11.48
2024-03-31,11.41
2024-03-30,11.34
2024-03-29,11.28
2024-03-28,11.25
2024-03-27,11.32
2024-03-26,11.4
2024-03-25,11.44
2024-03-24,11.5
2024-03-23,11.51
2024-03-22,11.5
2024-03-21,11.53
2024-03-20,11.57
2024-03-19,11.63
2024-03-18,11.7
2024-03-17,11.79
2024-03-16,11.81
2024-03-15,11.84
2024-03-14,11.83
2024-03-13,11.88
2024-03-12,11.99
2024-03-11,12.13
2024-03-10,12.29
2024-03-09,12.37
2024-03-08,12.42
2024-03-07,12.51
2024-03-06,12.64
2024-03-05,12.83
2024-03-04,12.99
2024-03-03,13.13
2024-03-02,13.21
2024-03-01,13.26
2024-02-29,13.38
2024-02-28,13.52
2024-02-27,13.76
2024-02-26,13.97
2024-02-25,14.16
2024-02-24,14.27
2024-02-23,14.4
2024-02-22,14.6
2024-02-21,14.73
2024-02-20,14.85
2024-02-19,14.97
2024-02-18,15.05
2024-02-17,15.16
2024-02-16,15.26
2024-02-15,15.39
2024-02-14,15.54
2024-02-13,15.71
2024-02-12,15.93
2024-02-11,16.19
2024-02-10,16.34
2024-02-09,16.49
2024-02-08,16.61
2024-02-07,16.75
2024-02-06,16.94
2024-02-05,17.16
2024-02-04,17.4
2024-02-03,17.58
2024-02-02,17.72
2024-02-01,17.88
2024-01-31,18.08
2024-01-30,18.26
2024-01-29,18.45
2024-01-28,18.64
2024-01-27,18.77
2024-01-26,18.95
2024-01-25,19.1
2024-01-24,19.25
2024-01-23,19.41
2024-01-22,19.61
2024-01-21,19.82
2024-01-20,20.02
2024-01-19,20.33
2024-01-18,20.62
2024-01-17,20.93
2024-01-16,21.19
2024-01-15,21.51
2024-01-14,21.84
2024-01-13,22.12
2024-01-12,22.44
2024-01-11,22.8
2024-01-10,23.17
2024-01-09,23.55
2024-01-08,23.92
2024-01-07,24.29
2024-01-06,24.55
2024-01-05,24.78
2024-01-04,25.02
2024-01-03,25.21
2024-01-02,25.32
2024-01-01,25.38
2023-12-31,28.85
2023-12-30,28.87
2023-12-29,28.88
2023-12-28,28.96
2023-12-27,29.03
2023-12-26,29.1
2023-12-25,29.14
2023-12-24,29.16
2023-12-23,29.16
2023-12-22,29.19
2023-12-21,29.28
2023-12-20,29.42
2023-12-19,29.62
2023-12-18,29.84
2023-12-17,30.12
2023-12-16,30.21
2023-12-15,30.29
2023-12-14,30.47
2023-12-13,30.65
2023-12-12,30.83
2023-12-11,30.95
2023-12-10,31.06
2023-12-09,31.15
2023-12-08,31.25
2023-12-07,31.46
2023-12-06,31.69
2023-12-05,31.95
2023-12-04,32.19
2023-12-03,32.44
2023-12-02,32.65
2023-12-01,32.89
2023-11-30,33.13
2023-11-29,33.35
2023-11-28,33.63
2023-11-27,33.83
2023-11-26,33.99
2023-11-25,34.05
2023-11-24,34.11
2023-11-23,34.2
2023-11-22,34.3
2023-11-21,34.35
2023-11-20,34.39
2023-11-19,34.41
2023-11-18,34.33
2023-11-17,34.28
2023-11-16,34.29
2023-11-15,34.33
2023-11-14,34.41
2023-11-13,34.4
2023-11-12,34.4
2023-11-11,34.41
2023-11-10,34.42
2023-11-09,34.43
2023-11-08,34.42
2023-11-07,34.42
2023-11-06,34.47
2023-11-05,34.5
2023-11-04,34.47
2023-11-03,34.46
2023-11-02,34.49
2023-11-01,34.44
2023-10-31,34.37
2023-10-30,34.33
2023-10-29,34.3
2023-10-28,34.22
2023-10-27,34.15
2023-10-26,34.12
2023-10-25,34.12
2023-10-24,34.13
2023-10-23,34.13
2023-10-22,34.1
2023-10-21,34.04
2023-10-20,34.02
2023-10-19,33.98
2023-10-18,33.92
2023-10-17,33.84
2023-10-16,33.78
2023-10-15,33.75
2023-10-14,33.64
2023-10-13,33.51
2023-10-12,33.39
2023-10-11,33.3
2023-10-10,33.21
2023-10-09,33.11
2023-10-08,33.06
2023-10-07,32.97
2023-10-06,32.87
2023-10-05,32.76
2023-10-04,32.73
2023-10-03,32.64
2023-10-02,32.53
2023-10-01,32.42
2023-09-30,32.26
2023-09-29,32.1
2023-09-28,31.99
2023-09-27,31.89
2023-09-26,31.78
2023-09-25,31.7
2023-09-24,31.63
2023-09-23,31.5
2023-09-22,31.4
2023-09-21,31.33
2023-09-20,31.29
2023-09-19,31.26
2023-09-18,31.26
2023-09-17,31.27
2023-09-16,31.27
2023-09-15,31.28
2023-09-14,31.32
2023-09-13,31.37
2023-09-12,31.45
2023-09-11,31.53
2023-09-10,31.54
2023-09-09,31.54
2023-09-08,31.53
2023-09-07,31.52
2023-09-06,31.51
2023-09-05,31.52
2023-09-04,31.49
2023-09-03,31.43
2023-09-02,31.32
2023-09-01,31.23
2023-08-31,31.18
2023-08-30,31.14
2023-08-29,31.09
2023-08-28,31.04
2023-08-27,30.94
2023-08-26,30.81
2023-08-25,30.71
2023-08-24,30.62
2023-08-23,30.54
2023-08-22,30.47
2023-08-21,30.39
2023-08-20,30.24
2023-08-19,30.04
2023-08-18,29.84
2023-08-17,29.64
2023-08-16,29.43
2023-08-15,29.24
2023-08-14,29.02
2023-08-13,28.79
2023-08-12,28.56
2023-08-11,28.32
2023-08-10,28.11
2023-08-09,27.95
2023-08-08,27.76
2023-08-07,27.56
2023-08-06,27.35
2023-08-05,27.15
2023-08-04,26.93
2023-08-03,26.81
2023-08-02,26.62
2023-08-01,26.44
2023-07-31,26.24
2023-07-30,26.06
2023-07-29,25.84
2023-07-28,25.62
2023-07-27,25.46
2023-07-26,25.3
2023-07-25,25.14
2023-07-24,24.98
2023-07-23,24.83
2023-07-22,24.62
2023-07-21,24.43
2023-07-20,24.26
2023-07-19,24.13
2023-07-18,24.02
2023-07-17,23.9
2023-07-16,23.73
2023-07-15,23.51
2023-07-14,23.25
2023-07-13,23.05
2023-07-12,22.91
2023-07-11,22.75
2023-07-10,22.6
2023-07-09,22.45
2023-07-08,22.24
2023-07-07,22.02
2023-07-06,21.84
2023-07-05,21.68
2023-07-04,21.51
2023-07-03,21.4
2023-07-02,21.3
2023-07-01,21.12
2023-06-30,20.94
2023-06-29,20.86
2023-06-28,20.81
2023-06-27,20.76
2023-06-26,20.7
2023-06-25,20.62
2023-06-24,20.47
2023-06-23,20.32
2023-06-22,20.26
2023-06-21,20.27
2023-06-20,20.21
2023-06-19,20.16
2023-06-18,20.03
2023-06-17,19.86
2023-06-16,19.7
2023-06-15,19.56
2023-06-14,19.45
2023-06-13,19.3
2023-06-12,19.16
2023-06-11,19.01
2023-06-10,18.8
2023-06-09,18.62
2023-06-08,18.48
2023-06-07,18.38
2023-06-06,18.33
2023-06-05,18.25
2023-06-04,18.17
2023-06-03,18.01
2023-06-02,17.85
2023-06-01,17.74
2023-05-31,17.69
2023-05-30,17.63
2023-05-29,17.58
2023-05-28,17.48
2023-05-27,17.35
2023-05-26,17.19
2023-05-25,17.08
2023-05-24,16.97
2023-05-23,16.92
2023-05-22,16.84
2023-05-21,16.78
2023-05-20,16.6
2023-05-19,16.43
2023-05-18,16.27
2023-05-17,16.1
2023-05-16,15.92
2023-05-15,15.8
2023-05-14,15.63
2023-05-13,15.4
2023-05-12,15.17
2023-05-11,14.98
2023-05-10,14.77
2023-05-09,14.58
2023-05-08,14.37
2023-05-07,14.14
2023-05-06,13.89
2023-05-05,13.69
2023-05-04,13.52
2023-05-03,13.28
2023-05-02,13.08
2023-05-01,12.9
2023-04-30,12.67
2023-04-29,12.41
2023-04-28,12.19
2023-04-27,12.0
2023-04-26,11.81
2023-04-25,11.7
2023-04-24,11.52
2023-04-23,11.32
2023-04-22,11.09
2023-04-21,10.88
2023-04-20,10.68
2023-04-19,10.48
2023-04-18,10.27
2023-04-17,10.14
2023-04-16,10.04
2023-04-15,9.92
2023-04-14,9.79
2023-04-13,9.75
2023-04-12,9.79
2023-04-11,9.76
2023-04-10,9.71
2023-04-09,9.59
2023-04-08,9.49
2023-04-07,9.44
2023-04-06,9.42
2023-04-05,9.48
2023-04-04,9.53
2023-04-03,9.61
2023-04-02,9.65
2023-04-01,9.59
2023-03-31,9.49
2023-03-30,9.45
2023-03-29,9.42
2023-03-28,9.47
2023-03-27,9.69
2023-03-26,9.82
2023-03-25,9.81
2023-03-24,9.75
2023-03-23,9.69
2023-03-22,9.73
2023-03-21,9.76
2023-03-20,9.82
2023-03-19,9.96
2023-03-18,10.01
2023-03-17,10.04
2023-03-16,10.14
2023-03-15,10.33
2023-03-14,10.63
2023-03-13,10.85
2023-03-12,11.0
2023-03-11,11.16
2023-03-10,11.4
2023-03-09,11.66
2023-03-08,11.91
2023-03-07,12.19
2023-03-06,12.52
2023-03-05,12.89
2023-03-04,13.13
2023-03-03,13.36
2023-03-02,13.67
2023-03-01,13.96
2023-02-28,14.26
2023-02-27,14.54
2023-02-26,14.86
2023-02-25,15.07
2023-02-24,15.25
2023-02-23,15.54
2023-02-22,15.82
2023-02-21,16.06
2023-02-20,16.33
2023-02-19,16.58
2023-02-18,16.73
2023-02-17,16.88
2023-02-16,17.09
2023-02-15,17.31
2023-02-14,17.66
2023-02-13,18.01
2023-02-12,18.34
2023-02-11,18.62
2023-02-10,18.93
2023-02-09,19.31
2023-02-08,19.7
2023-02-07,20.07
2023-02-06,20.39
2023-02-05,20.77
2023-02-04,20.99
2023-02-03,21.21
2023-02-02,21.5
2023-02-01,21.81
2023-01-31,22.07
2023-01-30,22.3
2023-01-29,22.64
2023-01-28,22.93
2023-01-27,23.25
2023-01-26,23.6
2023-01-25,23.94
2023-01-24,24.26
2023-01-23,24.58
2023-01-22,24.93
2023-01-21,25.26
2023-01-20,25.57
2023-01-19,25.95
2023-01-18,26.29
2023-01-17,26.64
2023-01-16,26.93
2023-01-15,27.19
2023-01-14,27.35
2023-01-13,27.47
2023-01-12,27.63
2023-01-11,27.77
2023-01-10,27.93
2023-01-09,28.11
2023-01-08,28.27
2023-01-07,28.4
2023-01-06,28.49
2023-01-05,28.59
2023-01-04,28.71
2023-01-03,28.79
2023-01-02,28.91
2023-01-01,28.92
2022-12-31,25.51
2022-12-30,25.47
2022-12-29,25.47
2022-12-28,25.45
2022-12-27,25.44
2022-12-26,25.45
2022-12-25,25.42
2022-12-24,25.34
2022-12-23,25.25
2022-12-22,25.25
2022-12-21,25.26
2022-12-20,25.27
2022-12-19,25.34
2022-12-18,25.44
2022-12-17,25.57
2022-12-16,25.76
2022-12-15,25.98
2022-12-14,26.19
2022-12-13,26.38
2022-12-12,26.7
2022-12-11,26.97
2022-12-10,27.21
2022-12-09,27.42
2022-12-08,27.67
2022-12-07,27.93
2022-12-06,28.19
2022-12-05,28.41
2022-12-04,28.6
2022-12-03,28.75
2022-12-02,28.89
2022-12-01,29.08
2022-11-30,29.36
2022-11-29,29.52
2022-11-28,29.68
2022-11-27,29.72
2022-11-26,29.7
2022-11-25,29.72
2022-11-24,29.76
2022-11-23,29.8
2022-11-22,29.83
2022-11-21,29.96
2022-11-20,29.98
2022-11-19,30.0
2022-11-18,30.0
2022-11-17,30.03
2022-11-16,30.03
2022-11-15,30.02
2022-11-14,30.05
2022-11-13,30.06
2022-11-12,30.05
2022-11-11,30.04
2022-11-10,30.04
2022-11-09,30.07
2022-11-08,30.07
2022-11-07,30.05
2022-11-06,30.06
2022-11-05,30.05
2022-11-04,30.06
2022-11-03,30.05
2022-11-02,30.08
2022-11-01,30.09
2022-10-31,30.06
2022-10-30,30.02
2022-10-29,30.01
2022-10-28,29.97
2022-10-27,29.98
2022-10-26,29.98
2022-10-25,30.0
2022-10-24,30.0
2022-10-23,29.98
2022-10-22,29.92
2022-10-21,29.9
2022-10-20,29.88
2022-10-19,29.88
2022-10-18,29.85
2022-10-17,29.8
2022-10-16,29.75
2022-10-15,29.67
2022-10-14,29.61
2022-10-13,29.59
2022-10-12,29.58
2022-10-11,29.55
2022-10-10,29.51
2022-10-09,29.47
2022-10-08,29.41
2022-10-07,29.36
2022-10-06,29.32
2022-10-05,29.31
2022-10-04,29.3
2022-10-03,29.3
2022-10-02,29.32
2022-10-01,29.26
2022-09-30,29.16
2022-09-29,29.14
2022-09-28,29.05
2022-09-27,29.1
2022-09-26,29.08
2022-09-25,29.03
2022-09-24,28.95
2022-09-23,28.89
2022-09-22,28.84
2022-09-21,28.82
2022-09-20,28.79
2022-09-19,28.75
2022-09-18,28.72
2022-09-17,28.63
2022-09-16,28.57
2022-09-15,28.48
2022-09-14,28.42
2022-09-13,28.37
2022-09-12,28.31
2022-09-11,28.26
2022-09-10,28.19
2022-09-09,28.13
2022-09-08,28.11
2022-09-07,28.02
2022-09-06,27.95
2022-09-05,27.89
2022-09-04,27.81
2022-09-03,27.69
2022-09-02,27.57
2022-09-01,27.48
2022-08-31,27.41
2022-08-30,27.34
2022-08-29,27.3
2022-08-28,27.28
2022-08-27,27.18
2022-08-26,27.08
2022-08-25,27.01
2022-08-24,26.94
2022-08-23,26.86
2022-08-22,26.79
2022-08-21,26.7
2022-08-20,26.53
2022-08-19,26.36
2022-08-18,26.22
2022-08-17,26.08
2022-08-16,25.95
2022-08-15,25.83
2022-08-14,25.72
2022-08-13,25.61
2022-08-12,25.47
2022-08-11,25.35
2022-08-10,25.21
2022-08-09,25.06
2022-08-08,24.91
2022-08-07,24.76
2022-08-06,24.58
2022-08-05,24.39
2022-08-04,24.25
2022-08-03,24.12
2022-08-02,23.99
2022-08-01,23.84
2022-07-31,23.67
2022-07-30,23.49
2022-07-29,23.29
2022-07-28,23.15
2022-07-27,23.02
2022-07-26,22.86
2022-07-25,22.7
2022-07-24,22.51
2022-07-23,22.29
2022-07-22,22.09
2022-07-21,21.91
2022-07-20,21.77
2022-07-19,21.63
2022-07-18,21.54
2022-07-17,21.35
2022-07-16,21.17
2022-07-15,20.96
2022-07-14,20.79
2022-07-13,20.62
2022-07-12,20.5
2022-07-11,20.39
2022-07-10,20.33
2022-07-09,20.14
2022-07-08,19.94
2022-07-07,19.79
2022-07-06,19.61
2022-07-05,19.44
2022-07-04,19.3
2022-07-03,19.15
2022-07-02,18.97
2022-07-01,18.79
2022-06-30,18.61
2022-06-29,18.51
2022-06-28,18.39
2022-06-27,18.27
2022-06-26,18.15
2022-06-25,18.0
2022-06-24,17.84
2022-06-23,17.69
2022-06-22,17.59
2022-06-21,17.48
2022-06-20,17.34
2022-06-19,17.25
2022-06-18,17.12
2022-06-17,16.99
2022-06-16,16.88
2022-06-15,16.77
2022-06-14,16.67
2022-06-13,16.57
2022-06-12,16.3
2022-06-11,16.11
2022-06-10,15.94
2022-06-09,16.13
2022-06-08,16.24
2022-06-07,16.25
2022-06-06,16.21
2022-06-05,16.1
2022-06-04,15.97
2022-06-03,15.83
2022-06-02,15.72
2022-06-01,15.61
2022-05-31,15.52
2022-05-30,15.41
2022-05-29,15.28
2022-05-28,15.1
2022-05-27,14.89
2022-05-26,14.68
2022-05-25,14.46
2022-05-24,14.27
2022-05-23,14.08
2022-05-22,13.9
2022-05-21,13.66
2022-05-20,13.44
2022-05-19,13.25
2022-05-18,13.1
2022-05-17,12.98
2022-05-16,12.78
2022-05-15,12.6
2022-05-14,12.4
2022-05-13,12.2
2022-05-12,12.03
2022-05-11,11.84
2022-05-10,11.66
2022-05-09,11.48
2022-05-08,11.31
2022-05-07,11.11
2022-05-06,10.91
2022-05-05,10.72
2022-05-04,10.55
2022-05-03,10.38
2022-05-02,10.19
2022-05-01,10.03
2022-04-30,9.86
2022-04-29,9.67
2022-04-28,9.52
2022-04-27,9.37
2022-04-26,9.26
2022-04-25,9.17
2022-04-24,9.08
2022-04-23,8.91
2022-04-22,8.73
2022-04-21,8.59
2022-04-20,8.45
2022-04-19,8.31
2022-04-18,8.17
2022-04-17,7.95
2022-04-16,7.73
2022-04-15,7.51
2022-04-14,7.32
2022-04-13,7.22
2022-04-12,7.07
2022-04-11,6.93
2022-04-10,6.83
2022-04-09,6.77
2022-04-08,6.73
2022-04-07,6.74
2022-04-06,6.67
2022-04-05,6.64
2022-04-04,6.67
2022-04-03,6.76
2022-04-02,6.82
2022-04-01,6.89
2022-03-31,6.89
2022-03-30,7.01
2022-03-29,7.01
2022-03-28,6.93
2022-03-27,6.82
2022-03-26,6.64
2022-03-25,6.45
2022-03-24,6.27
2022-03-23,6.16
2022-03-22,6.06
2022-03-21,5.97
2022-03-20,5.89
2022-03-19,5.76
2022-03-18,5.6
2022-03-17,5.52
2022-03-16,5.48
2022-03-15,5.46
2022-03-14,5.49
2022-03-13,5.58
2022-03-12,5.54
2022-03-11,5.46
2022-03-10,5.45
2022-03-09,5.49
2022-03-08,5.59
2022-03-07,5.72
2022-03-06,5.9
2022-03-05,5.97
2022-03-04,6.03
2022-03-03,6.09
2022-03-02,6.19
2022-03-01,6.3
2022-02-28,6.42
2022-02-27,6.58
2022-02-26,6.68
2022-02-25,6.8
2022-02-24,6.97
2022-02-23,7.06
2022-02-22,7.16
2022-02-21,7.3
2022-02-20,7.46
2022-02-19,7.54
2022-02-18,7.64
2022-02-17,7.71
2022-02-16,7.81
2022-02-15,7.9
2022-02-14,8.03
2022-02-13,8.19
2022-02-12,8.3
2022-02-11,8.5
2022-02-10,8.69
2022-02-09,8.86
2022-02-08,9.01
2022-02-07,9.18
2022-02-06,9.32
2022-02-05,9.38
2022-02-04,9.46
2022-02-03,9.59
2022-02-02,9.8
2022-02-01,9.98
2022-01-31,10.18
2022-01-30,10.4
2022-01-29,10.53
2022-01-28,10.67
2022-01-27,10.89
2022-01-26,11.16
2022-01-25,11.45
2022-01-24,11.73
2022-01-23,12.0
2022-01-22,12.24
2022-01-21,12.49
2022-01-20,12.76
2022-01-19,13.03
2022-01-18,13.28
2022-01-17,13.57
2022-01-16,13.88
2022-01-15,14.11
2022-01-14,14.37
2022-01-13,14.71
2022-01-12,15.03
2022-01-11,15.33
2022-01-10,15.64
2022-01-09,15.93
2022-01-08,16.11
2022-01-07,16.26
2022-01-06,16.49
2022-01-05,16.69
2022-01-04,16.88
2022-01-03,16.97
2022-01-02,17.01
2022-01-01,16.97
2021-12-31,17.36
2021-12-30,17.28
2021-12-29,17.22
2021-12-28,17.18
2021-12-27,17.18
2021-12-26,17.21
2021-12-25,17.27
2021-12-24,17.29
2021-12-23,17.37
2021-12-22,17.62
2021-12-21,17.98
2021-12-20,18.29
2021-12-19,18.57
2021-12-18,18.75
2021-12-17,18.92
2021-12-16,19.13
2021-12-15,19.35
2021-12-14,19.58
2021-12-13,19.81
2021-12-12,20.09
2021-12-11,20.26
2021-12-10,20.49
2021-12-09,20.75
2021-12-08,21.0
2021-12-07,21.24
2021-12-06,21.48
2021-12-05,21.74
2021-12-04,21.91
2021-12-03,22.06
2021-12-02,22.31
2021-12-01,22.59
2021-11-30,22.78
2021-11-29,23.03
2021-11-28,23.31
2021-11-27,23.51
2021-11-26,23.69
2021-11-25,23.92
2021-11-24,24.17
2021-11-23,24.44
2021-11-22,24.67
2021-11-21,24.89
2021-11-20,25.02
2021-11-19,25.15
2021-11-18,25.3
2021-11-17,25.46
2021-11-16,25.65
2021-11-15,25.83
2021-11-14,26.03
2021-11-13,26.15
2021-11-12,26.31
2021-11-11,26.5
2021-11-10,26.69
2021-11-09,26.89
2021-11-08,27.09
2021-11-07,27.28
2021-11-06,27.37
2021-11-05,27.5
2021-11-04,27.7
2021-11-03,27.89
2021-11-02,28.09
2021-11-01,28.25
2021-10-31,28.29
2021-10-30,28.25
2021-10-29,28.22
2021-10-28,28.21
2021-10-27,28.24
2021-10-26,28.29
2021-10-25,28.35
2021-10-24,28.41
2021-10-23,28.41
2021-10-22,28.44
2021-10-21,28.51
2021-10-20,28.49
2021-10-19,28.38
2021-10-18,28.32
2021-10-17,28.34
2021-10-16,28.27
2021-10-15,28.21
2021-10-14,28.25
2021-10-13,28.28
2021-10-12,28.3
2021-10-11,28.28
2021-10-10,28.28
2021-10-09,28.16
2021-10-08,28.04
2021-10-07,28.0
2021-10-06,27.95
2021-10-05,27.92
2021-10-04,27.85
2021-10-03,27.8
2021-10-02,27.68
2021-10-01,27.57
2021-09-30,27.52
2021-09-29,27.51
2021-09-28,27.45
2021-09-27,27.41
2021-09-26,27.35
2021-09-25,27.23
2021-09-24,27.11
2021-09-23,27.0
2021-09-22,26.9
2021-09-21,26.82
2021-09-20,26.74
2021-09-19,26.62
2021-09-18,26.49
2021-09-17,26.37
2021-09-16,26.3
2021-09-15,26.25
2021-09-14,26.23
2021-09-13,26.2
2021-09-12,26.15
2021-09-11,26.03
2021-09-10,25.93
2021-09-09,25.84
2021-09-08,25.74
2021-09-07,25.65
2021-09-06,25.57
2021-09-05,25.49
2021-09-04,25.35
2021-09-03,25.22
2021-09-02,25.12
2021-09-01,25.0
2021-08-31,24.88
2021-08-30,24.76
2021-08-29,24.63
2021-08-28,24.47
2021-08-27,24.31
2021-08-26,24.13
2021-08-25,23.96
2021-08-24,23.79
2021-08-23,23.62
2021-08-22,23.46
2021-08-21,23.27
2021-08-20,23.07
2021-08-19,22.91
2021-08-18,22.74
2021-08-17,22.57
2021-08-16,22.4
2021-08-15,22.21
2021-08-14,22.01
2021-08-13,21.8
2021-08-12,21.62
2021-08-11,21.44
2021-08-10,21.27
2021-08-09,21.08
2021-08-08,20.9
2021-08-07,20.69
2021-08-06,20.48
2021-08-05,20.28
2021-08-04,20.1
2021-08-03,19.94
2021-08-02,19.77
2021-08-01,19.62
2021-07-31,19.43
2021-07-30,19.23
2021-07-29,19.06
2021-07-28,18.88
2021-07-27,18.73
2021-07-26,18.57
2021-07-25,18.43
2021-07-24,18.26
2021-07-23,18.1
2021-07-22,17.94
2021-07-21,17.8
2021-07-20,17.68
2021-07-19,17.57
2021-07-18,17.45
2021-07-17,17.27
2021-07-16,17.09
2021-07-15,16.97
2021-07-14,16.83
2021-07-13,16.69
2021-07-12,16.59
2021-07-11,16.45
2021-07-10,16.26
2021-07-09,16.09
2021-07-08,15.95
2021-07-07,15.82
2021-07-06,15.67
2021-07-05,15.5
2021-07-04,15.31
2021-07-03,15.08
2021-07-02,14.88
2021-07-01,14.79
2021-06-30,14.71
2021-06-29,14.59
2021-06-28,14.45
2021-06-27,14.31
2021-06-26,14.14
2021-06-25,13.99
2021-06-24,13.88
2021-06-23,13.81
2021-06-22,13.75
2021-06-21,13.69
2021-06-20,13.6
2021-06-19,13.48
2021-06-18,13.36
2021-06-17,13.24
2021-06-16,13.22
2021-06-15,13.14
2021-06-14,13.05
2021-06-13,12.94
2021-06-12,12.75
2021-06-11,12.56
2021-06-10,12.48
2021-06-09,12.42
2021-06-08,12.39
2021-06-07,12.28
2021-06-06,12.17
2021-06-05,11.98
2021-06-04,11.8
2021-06-03,11.62
2021-06-02,11.44
2021-06-01,11.25
2021-05-31,11.06
2021-05-30,10.86
2021-05-29,10.61
2021-05-28,10.36
2021-05-27,10.2
2021-05-26,10.08
2021-05-25,9.98
2021-05-24,9.83
2021-05-23,9.65
2021-05-22,9.42
2021-05-21,9.22
2021-05-20,9.03
2021-05-19,8.88
2021-05-18,8.78
2021-05-17,8.77
2021-05-16,8.65
2021-05-15,8.47
2021-05-14,8.29
2021-05-13,8.11
2021-05-12,7.9
2021-05-11,7.74
2021-05-10,7.57
2021-05-09,7.36
2021-05-08,7.15
2021-05-07,6.94
2021-05-06,6.95
2021-05-05,6.99
2021-05-04,7.04
2021-05-03,7.02
2021-05-02,6.98
2021-05-01,6.91
2021-04-30,6.83
2021-04-29,6.83
2021-04-28,6.78
2021-04-27,6.75
2021-04-26,6.73
2021-04-25,6.69
2021-04-24,6.47
2021-04-23,6.25
2021-04-22,6.16
2021-04-21,6.07
2021-04-20,6.04
2021-04-19,6.03
2021-04-18,6.1
2021-04-17,6.11
2021-04-16,6.15
2021-04-15,6.26
2021-04-14,6.39
2021-04-13,6.5
2021-04-12,6.63
2021-04-11,6.78
2021-04-10,6.79
2021-04-09,6.79
2021-04-08,6.88
2021-04-07,7.01
2021-04-06,7.16
2021-04-05,7.22
2021-04-04,7.11
2021-04-03,6.95
2021-04-02,6.8
2021-04-01,6.63
2021-03-31,5.87
2021-03-30,5.92
2021-03-29,5.78
2021-03-28,5.68
2021-03-27,5.57
2021-03-26,5.48
2021-03-25,5.38
2021-03-24,5.33
2021-03-23,5.28
2021-03-22,5.28
2021-03-21,5.34
2021-03-20,5.29
2021-03-19,5.26
2021-03-18,5.36
2021-03-17,5.47
2021-03-16,5.58
2021-03-15,5.67
2021-03-14,5.73
2021-03-13,5.77
2021-03-12,5.8
2021-03-11,5.79
2021-03-10,5.77
2021-03-09,5.85
2021-03-08,6.04
2021-03-07,6.19
2021-03-06,6.32
2021-03-05,6.45
2021-03-04,6.64
2021-03-03,6.83
2021-03-02,6.94
2021-03-01,7.03
2021-02-28,7.13
2021-02-27,7.26
2021-02-26,7.37
2021-02-25,7.52
2021-02-24,7.6
2021-02-23,7.57
2021-02-22,7.6
2021-02-21,7.7
2021-02-20,7.73
2021-02-19,7.77
2021-02-18,7.96
2021-02-17,8.17
2021-02-16,8.38
2021-02-15,8.64
2021-02-14,8.96
2021-02-13,9.28
2021-02-12,9.64
2021-02-11,10.03
2021-02-10,10.41
2021-02-09,10.78
2021-02-08,11.14
2021-02-07,11.49
2021-02-06,11.68
2021-02-05,11.8
2021-02-04,12.0
2021-02-03,12.24
2021-02-02,12.4
2021-02-01,12.58
2021-01-31,12.79
2021-01-30,12.92
2021-01-29,13.03
2021-01-28,13.14
2021-01-27,13.31
2021-01-26,13.58
2021-01-25,13.87
2021-01-24,14.18
2021-01-23,14.38
2021-01-22,14.55
2021-01-21,14.76
2021-01-20,14.92
2021-01-19,15.13
2021-01-18,15.44
2021-01-17,15.79
2021-01-16,16.05
2021-01-15,16.34
2021-01-14,16.7
2021-01-13,17.0
2021-01-12,17.28
2021-01-11,17.61
2021-01-10,17.99
2021-01-09,18.32
2021-01-08,18.65
2021-01-07,19.03
2021-01-06,19.41
2021-01-05,19.81
2021-01-04,20.22
2021-01-03,20.55
2021-01-02,20.78
2021-01-01,21.03
2020-12-31,22.45
2020-12-30,22.69
2020-12-29,22.94
2020-12-28,23.16
2020-12-27,23.4
2020-12-26,23.57
2020-12-25,23.76
2020-12-24,23.92
2020-12-23,24.04
2020-12-22,24.1
2020-12-21,24.21
2020-12-20,24.35
2020-12-19,24.45
2020-12-18,24.52
2020-12-17,24.68
2020-12-16,24.85
2020-12-15,25.03
2020-12-14,25.22
2020-12-13,25.45
2020-12-12,25.64
2020-12-11,25.85
2020-12-10,26.1
2020-12-09,26.4
2020-12-08,26.77
2020-12-07,27.05
2020-12-06,27.32
2020-12-05,27.52
2020-12-04,27.73
2020-12-03,28.01
2020-12-02,28.28
2020-12-01,28.6
2020-11-30,28.92
2020-11-29,29.19
2020-11-28,29.41
2020-11-27,29.6
2020-11-26,29.81
2020-11-25,30.03
2020-11-24,30.25
2020-11-23,30.48
2020-11-22,30.67
2020-11-21,30.8
2020-11-20,30.9
2020-11-19,31.06
2020-11-18,31.14
2020-11-17,31.19
2020-11-16,31.27
2020-11-15,31.34
2020-11-14,31.31
2020-11-13,31.29
2020-11-12,31.37
2020-11-11,31.5
2020-11-10,31.56
2020-11-09,31.69
2020-11-08,31.78
2020-11-07,31.75
2020-11-06,31.74
2020-11-05,31.84
2020-11-04,31.95
2020-11-03,32.04
2020-11-02,32.09
2020-11-01,32.05
2020-10-31,31.84
2020-10-30,31.85
2020-10-29,31.8
2020-10-28,31.78
2020-10-27,31.76
2020-10-26,31.75
2020-10-25,31.72
2020-10-24,31.58
2020-10-23,31.43
2020-10-22,31.4
2020-10-21,31.4
2020-10-20,31.38
2020-10-19,31.4
2020-10-18,31.42
2020-10-17,31.44
2020-10-16,31.5
2020-10-15,31.63
2020-10-14,31.74
2020-10-13,31.8
2020-10-12,31.84
2020-10-11,31.87
2020-10-10,31.79
2020-10-09,31.7
2020-10-08,31.67
2020-10-07,31.66
2020-10-06,31.68
2020-10-05,31.68
2020-10-04,31.68
2020-10-03,31.59
2020-10-02,31.51
2020-10-01,31.52
2020-09-30,31.55
2020-09-29,31.65
2020-09-28,31.7
2020-09-27,31.76
2020-09-26,31.74
2020-09-25,31.7
2020-09-24,31.68
2020-09-23,31.62
2020-09-22,31.57
2020-09-21,31.53
2020-09-20,31.57
2020-09-19,31.5
2020-09-18,31.44
2020-09-17,31.44
2020-09-16,31.44
2020-09-15,31.42
2020-09-14,31.42
2020-09-13,31.42
2020-09-12,31.35
2020-09-11,31.25
2020-09-10,31.2
2020-09-09,31.14
2020-09-08,31.09
2020-09-07,31.07
2020-09-06,31.03
2020-09-05,30.94
2020-09-04,30.85
2020-09-03,30.79
2020-09-02,30.73
2020-09-01,30.68
2020-08-31,30.69
2020-08-30,30.67
2020-08-29,30.61
2020-08-28,30.55
2020-08-27,30.52
2020-08-26,30.47
2020-08-25,30.43
2020-08-24,30.37
2020-08-23,30.32
2020-08-22,30.2
2020-08-21,30.06
2020-08-20,29.94
2020-08-19,29.85
2020-08-18,29.75
2020-08-17,29.66
2020-08-16,29.56
2020-08-15,29.44
2020-08-14,29.31
2020-08-13,29.22
2020-08-12,29.13
2020-08-11,29.02
2020-08-10,28.71
2020-08-09,28.73
2020-08-08,28.55
2020-08-07,28.39
2020-08-06,28.24
2020-08-05,28.12
2020-08-04,28.01
2020-08-03,27.93
2020-08-02,27.85
2020-08-01,27.73
2020-07-31,26.87
2020-07-30,27.57
2020-07-29,27.54
2020-07-28,27.52
2020-07-27,27.35
2020-07-26,27.32
2020-07-25,27.26
2020-07-24,27.22
2020-07-23,27.2
2020-07-22,27.22
2020-07-21,27.24
2020-07-20,27.25
2020-07-19,27.23
2020-07-18,27.19
2020-07-17,27.16
2020-07-16,27.14
2020-07-15,27.11
2020-07-14,27.05
2020-07-13,26.93
2020-07-12,26.8
2020-07-11,26.65
2020-07-10,26.5
2020-07-09,26.42
2020-07-08,26.37
2020-07-07,26.33
2020-07-06,26.25
2020-07-05,26.12
2020-07-04,25.96
2020-07-03,25.81
2020-07-02,25.7
2020-07-01,25.62
2020-06-30,25.53
2020-06-29,25.46
2020-06-28,25.36
2020-06-27,25.22
2020-06-26,25.09
2020-06-25,25.01
2020-06-24,24.95
2020-06-23,24.89
2020-06-22,24.82
2020-06-21,24.72
2020-06-20,24.59
2020-06-19,24.46
2020-06-18,24.37
2020-06-17,24.29
2020-06-16,24.26
2020-06-15,24.18
2020-06-14,24.11
2020-06-13,23.98
2020-06-12,23.84
2020-06-11,23.74
2020-06-10,23.68
2020-06-09,23.62
2020-06-08,23.57
2020-06-07,23.49
2020-06-06,23.34
2020-06-05,23.19
2020-06-04,23.04
2020-06-03,22.91
2020-06-02,22.82
2020-06-01,22.72
2020-05-31,22.45
2020-05-30,22.21
2020-05-29,22.03
2020-05-28,21.82
2020-05-27,21.63
2020-05-26,21.45
2020-05-25,21.23
2020-05-24,21.02
2020-05-23,20.8
2020-05-22,20.55
2020-05-21,20.3
2020-05-20,20.05
2020-05-19,19.83
2020-05-18,19.63
2020-05-17,19.39
2020-05-16,19.15
2020-05-15,18.93
2020-05-14,18.85
2020-05-13,18.75
2020-05-12,18.66
2020-05-11,18.59
2020-05-10,18.47
2020-05-09,18.21
2020-05-08,17.96
2020-05-07,17.71
2020-05-06,17.47
2020-05-05,17.22
2020-05-04,16.99
2020-05-03,16.76
2020-05-02,16.53
2020-05-01,16.3
2020-04-30,16.06
2020-04-29,15.82
2020-04-28,15.57
2020-04-27,15.32
2020-04-26,15.07
2020-04-25,14.82
2020-04-24,14.56
2020-04-23,14.31
2020-04-22,14.06
2020-04-21,13.83
2020-04-20,13.6
2020-04-19,13.37
2020-04-18,13.11
2020-04-17,12.85
2020-04-16,12.59
2020-04-15,12.34
2020-04-14,12.12
2020-04-13,11.92
2020-04-12,11.66
2020-04-11,11.4
2020-04-10,11.14
2020-04-09,10.88
2020-04-08,10.64
2020-04-07,10.4
2020-04-06,10.22
2020-04-05,10.04
2020-04-04,9.84
2020-04-03,9.67
2020-04-02,9.59
2020-04-01,9.55
2020-03-31,9.53
2020-03-30,9.66
2020-03-29,9.77
2020-03-28,9.81
2020-03-27,9.81
2020-03-26,9.83
2020-03-25,9.95
2020-03-24,10.06
2020-03-23,10.17
2020-03-22,10.2
2020-03-21,10.18
2020-03-20,10.11
2020-03-19,10.09
2020-03-18,10.09
2020-03-17,10.12
2020-03-16,10.11
2020-03-15,10.22
2020-03-14,10.21
2020-03-13,10.24
2020-03-12,10.38
2020-03-11,10.4
2020-03-10,10.42
2020-03-09,10.49
2020-03-08,10.64
2020-03-07,10.72
2020-03-06,10.85
2020-03-05,11.1
2020-03-04,11.32
2020-03-03,11.59
2020-03-02,11.84
2020-03-01,12.05
2020-02-29,12.13
2020-02-28,12.24
2020-02-27,12.52
2020-02-26,12.84
2020-02-25,13.16
2020-02-24,13.37
2020-02-23,13.48
2020-02-22,13.57
2020-02-21,13.7
2020-02-20,13.9
2020-02-19,14.1
2020-02-18,14.32
2020-02-17,14.53
2020-02-16,14.68
2020-02-15,14.75
2020-02-14,14.86
2020-02-13,15.14
2020-02-12,15.44
2020-02-11,15.76
2020-02-10,16.04
2020-02-09,16.25
2020-02-08,16.36
2020-02-07,16.54
2020-02-06,16.82
2020-02-05,17.19
2020-02-04,17.5
2020-02-03,17.73
2020-02-02,17.89
2020-02-01,17.96
2020-01-31,17.94
2020-01-30,18.24
2020-01-29,18.52
2020-01-28,18.89
2020-01-27,19.23
2020-01-26,19.55
2020-01-25,19.83
2020-01-24,20.18
2020-01-23,20.63
2020-01-22,21.12
2020-01-21,21.61
2020-01-20,22.1
2020-01-19,22.54
2020-01-18,22.93
2020-01-17,23.3
2020-01-16,23.65
2020-01-15,24.0
2020-01-14,24.34
2020-01-13,24.69
2020-01-12,24.92
2020-01-11,25.1
2020-01-10,25.33
2020-01-09,25.55
2020-01-08,25.79
2020-01-07,26.04
2020-01-06,26.35
2020-01-05,26.65
2020-01-04,26.86
2020-01-03,27.06
2020-01-02,27.25
2020-01-01,27.52
2019-12-31,25.77
2019-12-30,25.93
2019-12-29,26.13
2019-12-28,26.25
2019-12-27,26.3
2019-12-26,26.35
2019-12-25,26.36
2019-12-24,26.35
2019-12-23,26.34
2019-12-22,26.37
2019-12-21,26.32
2019-12-20,26.29
2019-12-19,26.29
2019-12-18,26.3
2019-12-17,26.34
2019-12-16,26.37
2019-12-15,26.41
2019-12-14,26.35
2019-12-13,26.3
2019-12-12,26.4
2019-12-11,26.62
2019-12-10,26.85
2019-12-09,27.01
2019-12-08,27.13
2019-12-07,27.09
2019-12-06,27.12
2019-12-05,27.25
2019-12-04,27.46
2019-12-03,27.68
2019-12-02,27.91
2019-12-01,28.09
2019-11-30,28.09
2019-11-29,28.07
2019-11-28,28.07
2019-11-27,28.04
2019-11-26,27.98
2019-11-25,27.97
2019-11-24,28.01
2019-11-23,27.99
2019-11-22,27.97
2019-11-21,28.11
2019-11-20,28.36
2019-11-19,28.6
2019-11-18,28.8
2019-11-17,28.95
2019-11-16,29.06
2019-11-15,29.17
2019-11-14,29.31
2019-11-13,29.44
2019-11-12,29.51
2019-11-11,29.59
2019-11-10,29.63
2019-11-09,29.64
2019-11-08,29.63
2019-11-07,29.67
2019-11-06,29.7
2019-11-05,29.71
2019-11-04,29.74
2019-11-03,29.71
2019-11-02,29.65
2019-11-01,29.58
2019-10-31,29.45
2019-10-30,29.63
2019-10-29,29.66
2019-10-28,29.73
2019-10-27,29.76
2019-10-26,29.71
2019-10-25,29.63
2019-10-24,29.61
2019-10-23,29.62
2019-10-22,29.62
2019-10-21,29.64
2019-10-20,29.66
2019-10-19,29.97
2019-10-18,29.94
2019-10-17,29.95
2019-10-16,29.95
2019-10-15,29.93
2019-10-14,29.89
2019-10-13,29.84
2019-10-12,29.7
2019-10-11,29.59
2019-10-10,29.58
2019-10-09,29.62
2019-10-08,29.69
2019-10-07,29.74
2019-10-06,29.75
2019-10-05,29.66
2019-10-04,29.59
2019-10-03,29.56
2019-10-02,29.54
2019-10-01,29.48
2019-09-30,29.41
2019-09-29,29.36
2019-09-28,29.28
2019-09-27,29.22
2019-09-26,29.2
2019-09-25,29.23
2019-09-24,29.31
2019-09-23,29.31
2019-09-22,29.3
2019-09-21,29.23
2019-09-20,29.16
2019-09-19,29.16
2019-09-18,29.16
2019-09-17,29.12
2019-09-16,29.06
2019-09-15,29.01
2019-09-14,28.91
2019-09-13,28.84
2019-09-12,28.77
2019-09-11,28.68
2019-09-10,28.61
2019-09-09,28.56
2019-09-08,28.54
2019-09-07,28.51
2019-09-06,28.48
2019-09-05,28.48
2019-09-04,28.45
2019-09-03,28.43
2019-09-02,28.39
2019-09-01,28.33
2019-08-31,28.21
2019-08-30,28.09
2019-08-29,28.02
2019-08-28,27.98
2019-08-27,27.93
2019-08-26,27.85
2019-08-25,27.74
2019-08-24,27.6
2019-08-23,27.45
2019-08-22,27.63
2019-08-21,27.46
2019-08-20,27.3
2019-08-19,27.14
2019-08-18,26.98
2019-08-17,26.8
2019-08-16,26.63
2019-08-15,26.47
2019-08-14,26.29
2019-08-13,26.12
2019-08-12,25.97
2019-08-11,25.82
2019-08-10,25.66
2019-08-09,25.56
2019-08-08,25.32
2019-08-07,25.17
2019-08-06,25.03
2019-08-05,24.9
2019-08-04,24.77
2019-08-03,24.62
2019-08-02,24.48
2019-08-01,24.36
2019-07-31,24.27
2019-07-30,24.16
2019-07-29,24.04
2019-07-28,23.93
2019-07-27,23.8
2019-07-26,23.68
2019-07-25,23.56
2019-07-24,23.43
2019-07-23,23.3
2019-07-22,23.16
2019-07-21,23.06
2019-07-20,22.92
2019-07-19,22.78
2019-07-18,22.67
2019-07-17,22.56
2019-07-16,22.49
2019-07-15,22.4
2019-07-14,22.28
2019-07-13,22.14
2019-07-12,21.99
2019-07-11,21.86
2019-07-10,21.75
2019-07-09,21.63
2019-07-08,21.5
2019-07-07,21.38
2019-07-06,21.21
2019-07-05,21.05
2019-07-04,20.9
2019-07-03,20.76
2019-07-02,20.62
2019-07-01,20.49
2019-06-30,20.35
2019-06-29,20.16
2019-06-28,19.97
2019-06-27,19.83
2019-06-26,19.71
2019-06-25,19.58
2019-06-24,19.47
2019-06-23,19.34
2019-06-22,19.17
2019-06-21,19.01
2019-06-20,18.87
2019-06-19,18.73
2019-06-18,18.61
2019-06-17,18.47
2019-06-16,18.34
2019-06-15,18.17
2019-06-14,18.0
2019-06-13,17.85
2019-06-12,17.71
2019-06-11,17.59
2019-06-10,17.49
2019-06-09,17.34
2019-06-08,17.19
2019-06-07,17.04
2019-06-06,16.89
2019-06-05,16.73
2019-06-04,16.66
2019-06-03,16.54
2019-06-02,16.42
2019-06-01,16.25
2019-05-31,16.08
2019-05-30,15.95
2019-05-29,15.81
2019-05-28,15.7
2019-05-27,15.62
2019-05-26,15.51
2019-05-25,15.35
2019-05-24,15.2
2019-05-23,15.04
2019-05-22,14.88
2019-05-21,14.77
2019-05-20,14.64
2019-05-19,14.52
2019-05-18,14.37
2019-05-17,14.24
2019-05-16,14.17
2019-05-15,14.14
2019-05-14,14.13
2019-05-13,14.1
2019-05-12,14.07
2019-05-11,13.96
2019-05-10,13.86
2019-05-09,13.75
2019-05-08,13.68
2019-05-07,13.51
2019-05-06,13.39
2019-05-05,13.32
2019-05-04,13.19
2019-05-03,13.03
2019-05-02,12.86
2019-05-01,12.68
2019-04-30,12.47
2019-04-29,12.38
2019-04-28,12.33
2019-04-27,12.24
2019-04-26,12.11
2019-04-25,12.02
2019-04-24,11.88
2019-04-23,11.71
2019-04-22,11.49
2019-04-21,11.25
2019-04-20,11.02
2019-04-19,10.79
2019-04-18,10.55
2019-04-17,10.32
2019-04-16,10.15
2019-04-15,10.0
2019-04-14,9.9
2019-04-13,9.83
2019-04-12,9.73
2019-04-11,9.68
2019-04-10,9.63
2019-04-09,9.57
2019-04-08,9.49
2019-04-07,9.4
2019-04-06,9.23
2019-04-05,9.07
2019-04-04,9.03
2019-04-03,9.02
2019-04-02,9.0
2019-04-01,5.09
2019-03-31,4.83
2019-03-30,8.57
2019-03-29,8.43
2019-03-28,8.36
2019-03-27,8.34
2019-03-26,8.35
2019-03-25,8.32
2019-03-24,8.28
2019-03-23,8.16
2019-03-22,8.05
2019-03-21,8.05
2019-03-20,8.1
2019-03-19,8.19
2019-03-18,8.32
2019-03-17,8.41
2019-03-16,8.42
2019-03-15,8.4
2019-03-14,8.4
2019-03-13,8.46
2019-03-12,8.58
2019-03-11,8.68
2019-03-10,8.76
2019-03-09,8.74
2019-03-08,8.72
2019-03-07,8.71
2019-03-06,8.7
2019-03-05,8.66
2019-03-04,8.71
2019-03-03,8.69
2019-03-02,8.58
2019-03-01,8.49
2019-02-28,8.46
2019-02-27,8.51
2019-02-26,8.55
2019-02-25,8.63
2019-02-24,8.72
2019-02-23,8.74
2019-02-22,8.75
2019-02-21,8.85
2019-02-20,8.97
2019-02-19,9.13
2019-02-18,9.25
2019-02-17,9.38
2019-02-16,9.45
2019-02-15,9.54
2019-02-14,9.72
2019-02-13,9.9
2019-02-12,10.13
2019-02-11,10.38
2019-02-10,10.68
2019-02-09,10.88
2019-02-08,11.06
2019-02-07,11.3
2019-02-06,11.58
2019-02-05,11.85
2019-02-04,12.2
2019-02-03,12.53
2019-02-02,12.76
2019-02-01,12.96
2019-01-31,13.24
2019-01-30,13.54
2019-01-29,13.87
2019-01-28,14.19
2019-01-27,14.51
2019-01-26,14.71
2019-01-25,14.96
2019-01-24,15.27
2019-01-23,15.6
2019-01-22,15.93
2019-01-21,16.27
2019-01-20,16.61
2019-01-19,16.85
2019-01-18,17.1
2019-01-17,17.38
2019-01-16,17.65
2019-01-15,17.89
2019-01-14,18.14
2019-01-13,18.35
2019-01-12,18.48
2019-01-11,18.66
2019-01-10,18.93
2019-01-09,19.25
2019-01-08,19.54
2019-01-07,19.76
2019-01-06,20.0
2019-01-05,20.25
2019-01-04,20.51
2019-01-03,20.84
2019-01-02,21.17
2019-01-01,21.42
2018-12-31,21.98
2018-12-30,22.06
2018-12-29,22.11
2018-12-28,22.22
2018-12-27,22.38
2018-12-26,22.57
2018-12-25,22.7
2018-12-24,22.75
2018-12-23,22.83
2018-12-22,22.86
2018-12-21,22.89
2018-12-20,23.01
2018-12-19,23.23
2018-12-18,23.47
2018-12-17,23.74
2018-12-16,23.95
2018-12-15,24.13
2018-12-14,24.35
2018-12-13,24.7
2018-12-12,25.0
2018-12-11,25.31
2018-12-10,25.56
2018-12-09,25.81
2018-12-08,25.91
2018-12-07,25.98
2018-12-06,26.08
2018-12-05,26.17
2018-12-04,26.26
2018-12-03,26.32
2018-12-02,26.36
2018-12-01,26.35
2018-11-30,26.4
2018-11-29,26.52
2018-11-28,26.62
2018-11-27,26.79
2018-11-26,26.99
2018-11-25,27.2
2018-11-24,27.33
2018-11-23,27.46
2018-11-22,27.7
2018-11-21,27.98
2018-11-20,28.23
2018-11-19,28.49
2018-11-18,28.66
2018-11-17,28.71
2018-11-16,28.75
2018-11-15,28.83
2018-11-14,28.9
2018-11-13,28.93
2018-11-12,28.95
2018-11-11,28.97
2018-11-10,28.91
2018-11-09,28.86
2018-11-08,28.86
2018-11-07,28.98
2018-11-06,28.99
2018-11-05,28.92
2018-11-04,28.91
2018-11-03,28.9
2018-11-02,28.91
2018-11-01,28.93
2018-10-31,28.94
2018-10-30,29.03
2018-10-29,29.15
2018-10-28,29.3
2018-10-27,29.32
2018-10-26,29.32
2018-10-25,29.31
2018-10-24,29.28
2018-10-23,29.27
2018-10-22,29.22
2018-10-21,29.19
2018-10-20,29.1
2018-10-19,29.01
2018-10-18,28.98
2018-10-17,28.94
2018-10-16,28.89
2018-10-15,28.82
2018-10-14,28.75
2018-10-13,28.63
2018-10-12,28.52
2018-10-11,28.44
2018-10-10,28.36
2018-10-09,28.26
2018-10-08,28.18
2018-10-07,28.1
2018-10-06,27.97
2018-10-05,27.84
2018-10-04,27.74
2018-10-03,27.67
2018-10-02,27.59
2018-10-01,27.52
2018-09-30,27.44
2018-09-29,27.3
2018-09-28,27.17
2018-09-27,27.06
2018-09-26,26.97
2018-09-25,26.88
2018-09-24,26.77
2018-09-23,26.68
2018-09-22,26.53
2018-09-21,26.39
2018-09-20,26.2
2018-09-19,26.13
2018-09-18,26.0
2018-09-17,25.87
2018-09-16,25.76
2018-09-15,25.59
2018-09-14,25.42
2018-09-13,25.05
2018-09-12,25.17
2018-09-11,25.1
2018-09-10,24.99
2018-09-09,24.85
2018-09-08,24.69
2018-09-07,24.53
2018-09-06,24.39
2018-09-05,24.27
2018-09-04,24.15
2018-09-03,24.02
2018-09-02,23.9
2018-09-01,23.74
2018-08-31,23.58
2018-08-30,23.43
2018-08-29,23.3
2018-08-28,23.15
2018-08-27,23.07
2018-08-26,22.99
2018-08-25,22.83
2018-08-24,22.68
2018-08-23,22.53
2018-08-22,22.39
2018-08-21,22.26
2018-08-20,22.11
2018-08-19,21.96
2018-08-18,21.77
2018-08-17,21.58
2018-08-16,21.39
2018-08-15,21.22
2018-08-14,21.03
2018-08-13,20.85
2018-08-12,20.68
2018-08-11,20.49
2018-08-10,20.3
2018-08-09,20.11
2018-08-08,19.93
2018-08-07,19.74
2018-08-06,19.57
2018-08-05,19.38
2018-08-04,19.17
2018-08-03,18.97
2018-08-02,18.79
2018-08-01,18.59
2018-07-31,18.39
2018-07-30,18.19
2018-07-29,17.99
2018-07-28,17.75
2018-07-27,17.54
2018-07-26,17.33
2018-07-25,17.13
2018-07-24,16.92
2018-07-23,16.72
2018-07-22,16.53
2018-07-21,16.3
2018-07-20,16.08
2018-07-19,15.89
2018-07-18,15.73
2018-07-17,15.52
2018-07-16,15.32
2018-07-15,15.14
2018-07-14,14.92
2018-07-13,14.7
2018-07-12,14.5
2018-07-11,14.29
2018-07-10,14.11
2018-07-09,13.93
2018-07-08,13.75
2018-07-07,13.55
2018-07-06,13.35
2018-07-05,13.23
2018-07-04,13.12
2018-07-03,13.0
2018-07-02,12.89
2018-07-01,12.78
2018-06-30,12.65
2018-06-29,12.5
2018-06-28,12.38
2018-06-27,12.25
2018-06-26,12.13
2018-06-25,12.02
2018-06-24,11.89
2018-06-23,11.73
2018-06-22,11.56
2018-06-21,11.41
2018-06-20,11.25
2018-06-19,11.09
2018-06-18,10.95
2018-06-17,10.83
2018-06-16,10.65
2018-06-15,10.47
2018-06-14,10.37
2018-06-13,10.2
2018-06-12,10.03
2018-06-11,9.87
2018-06-10,9.72
2018-06-09,9.51
2018-06-08,9.32
2018-06-07,9.16
2018-06-06,9.01
2018-06-05,8.86
2018-06-04,8.7
2018-06-03,8.54
2018-06-02,8.34
2018-06-01,8.12
2018-05-31,7.98
2018-05-30,7.85
2018-05-29,7.72
2018-05-28,7.57
2018-05-27,7.43
2018-05-26,7.25
2018-05-25,7.07
2018-05-24,6.91
2018-05-23,6.81
2018-05-22,6.69
2018-05-21,6.53
2018-05-20,6.31
2018-05-19,6.09
2018-05-18,5.89
2018-05-17,5.74
2018-05-16,5.59
2018-05-15,5.44
2018-05-14,5.31
2018-05-13,5.18
2018-05-12,5.02
2018-05-11,4.84
2018-05-10,4.66
2018-05-09,4.48
2018-05-08,4.34
2018-05-07,4.18
2018-05-06,4.01
2018-05-05,3.83
2018-05-04,3.65
2018-05-03,3.51
2018-05-02,3.4
2018-05-01,3.28
2018-04-30,3.15
2018-04-29,3.06
2018-04-28,2.92
2018-04-27,2.77
2018-04-26,2.62
2018-04-25,2.48
2018-04-24,2.34
2018-04-23,2.19
2018-04-22,2.06
2018-04-21,1.9
2018-04-20,1.75
2018-04-19,1.6
2018-04-18,1.47
2018-04-17,1.34
2018-04-16,1.24
2018-04-15,1.18
2018-04-14,1.07
2018-04-13,1.05
2018-04-12,1.03
2018-04-11,1.03
2018-04-10,1.02
2018-04-09,1.02
2018-04-08,1.03
2018-04-07,0.97
2018-04-06,0.92
2018-04-05,0.89
2018-04-04,0.9
2018-04-03,0.89
2018-04-02,0.89
2018-04-01,0.9
2018-03-31,0.92
2018-03-30,0.94
2018-03-29,0.96
2018-03-28,1.0
2018-03-27,1.05
2018-03-26,1.11
2018-03-25,1.17
2018-03-24,1.18
2018-03-23,1.22
2018-03-22,1.36
2018-03-21,1.5
2018-03-20,1.67
2018-03-19,1.86
2018-03-18,2.05
2018-03-17,2.19
2018-03-16,2.29
2018-03-15,2.41
2018-03-14,2.52
2018-03-13,2.64
2018-03-12,2.73
2018-03-11,2.82
2018-03-10,2.85
2018-03-09,2.89
2018-03-08,2.98
2018-03-07,3.14
2018-03-06,3.31
2018-03-05,3.49
2018-03-04,3.66
2018-03-03,3.81
2018-03-02,3.99
2018-03-01,4.26
2018-02-28,4.56
2018-02-27,4.86
2018-02-26,5.16
2018-02-25,5.45
2018-02-24,5.66
2018-02-23,5.86
2018-02-22,6.14
2018-02-21,6.37
2018-02-20,6.58
2018-02-19,6.75
2018-02-18,6.99
2018-02-17,7.16
2018-02-16,7.32
2018-02-15,7.47
2018-02-14,7.66
2018-02-13,7.87
2018-02-12,8.12
2018-02-11,8.34
2018-02-10,8.5
2018-02-09,8.67
2018-02-08,8.89
2018-02-07,9.18
2018-02-06,9.43
2018-02-05,9.7
2018-02-04,9.97
2018-02-03,10.19
2018-02-02,10.42
2018-02-01,10.67
2018-01-31,10.91
2018-01-30,11.1
2018-01-29,11.28
2018-01-28,11.48
2018-01-27,11.64
2018-01-26,11.82
2018-01-25,12.04
2018-01-24,12.24
2018-01-23,12.4
2018-01-22,12.59
2018-01-21,12.8
2018-01-20,12.97
2018-01-19,13.14
2018-01-18,13.36
2018-01-17,13.57
2018-01-16,13.78
2018-01-15,13.98
2018-01-14,14.17
2018-01-13,14.33
2018-01-12,14.52
2018-01-11,14.72
2018-01-10,14.91
2018-01-09,15.1
2018-01-08,15.3
2018-01-07,15.5
2018-01-06,15.63
2018-01-05,15.74
2018-01-04,15.85
2018-01-03,15.95
2018-01-02,16.06
2018-01-01,16.17
2017-12-31,15.5
2017-12-30,15.54
2017-12-29,15.57
2017-12-28,15.7
2017-12-27,15.85
2017-12-26,15.95
2017-12-25,16.05
2017-12-24,16.13
2017-12-23,16.19
2017-12-22,16.25
2017-12-21,16.36
2017-12-20,16.49
2017-12-19,16.64
2017-12-18,16.82
2017-12-17,16.98
2017-12-16,17.1
2017-12-15,17.21
2017-12-14,17.37
2017-12-13,17.52
2017-12-12,17.7
2017-12-11,17.91
2017-12-10,18.06
2017-12-09,18.19
2017-12-08,18.37
2017-12-07,18.53
2017-12-06,18.73
2017-12-05,18.92
2017-12-04,19.09
2017-12-03,19.29
2017-12-02,19.47
2017-12-01,19.65
2017-11-30,19.84
2017-11-29,20.03
2017-11-28,20.21
2017-11-27,20.37
2017-11-26,20.53
2017-11-25,20.63
2017-11-24,20.69
2017-11-23,20.75
2017-11-22,20.82
2017-11-21,20.89
2017-11-20,20.99
2017-11-19,21.11
2017-11-18,21.21
2017-11-17,21.3
2017-11-16,21.42
2017-11-15,21.55
2017-11-14,21.69
2017-11-13,21.84
2017-11-12,21.95
2017-11-11,22.0
2017-11-10,22.04
2017-11-09,22.12
2017-11-08,22.2
2017-11-07,22.29
2017-11-06,22.39
2017-11-05,22.45
2017-11-04,22.49
2017-11-03,22.49
2017-11-02,22.51
2017-11-01,22.55
2017-10-31,22.57
2017-10-30,22.62
2017-10-29,22.65
2017-10-28,22.63
2017-10-27,22.62
2017-10-26,22.61
2017-10-25,22.62
2017-10-24,22.6
2017-10-23,22.6
2017-10-22,22.63
2017-10-21,22.61
2017-10-20,22.58
2017-10-19,22.55
2017-10-18,22.55
2017-10-17,22.55
2017-10-16,22.51
2017-10-15,22.48
2017-10-14,22.42
2017-10-13,22.38
2017-10-12,22.39
2017-10-11,22.4
2017-10-10,22.38
2017-10-09,22.38
2017-10-08,22.38
2017-10-07,22.31
2017-10-06,22.25
2017-10-05,22.21
2017-10-04,22.19
2017-10-03,22.15
2017-10-02,22.1
2017-10-01,22.06
2017-09-30,22.0
2017-09-29,21.92
2017-09-28,21.86
2017-09-27,21.82
2017-09-26,21.78
2017-09-25,21.76
2017-09-24,21.77
2017-09-23,21.71
2017-09-22,21.67
2017-09-21,21.66
2017-09-20,21.65
2017-09-19,21.63
2017-09-18,21.62
2017-09-17,21.64
2017-09-16,21.61
2017-09-15,21.57
2017-09-14,21.58
2017-09-13,21.57
2017-09-12,21.53
2017-09-11,21.5
2017-09-10,21.47
2017-09-09,21.42
2017-09-08,21.37
2017-09-07,21.31
2017-09-06,21.22
2017-09-05,21.16
2017-09-04,21.15
2017-09-03,21.09
2017-09-02,21.0
2017-09-01,20.92
2017-08-31,20.86
2017-08-30,20.73
2017-08-29,20.6
2017-08-28,20.48
2017-08-27,20.37
2017-08-26,20.23
2017-08-25,20.09
2017-08-24,19.96
2017-08-23,19.84
2017-08-22,19.71
2017-08-21,19.58
2017-08-20,19.46
2017-08-19,19.34
2017-08-18,19.21
2017-08-17,19.07
2017-08-16,18.93
2017-08-15,18.81
2017-08-14,18.68
2017-08-13,18.56
2017-08-12,18.42
2017-08-11,18.29
2017-08-10,18.15
2017-08-09,18.06
2017-08-08,17.94
2017-08-07,17.83
2017-08-06,17.7
2017-08-05,17.56
2017-08-04,17.42
2017-08-03,17.29
2017-08-02,17.16
2017-08-01,17.04
2017-07-31,16.93
2017-07-30,16.78
2017-07-29,16.62
2017-07-28,16.47
2017-07-27,16.32
2017-07-26,16.2
2017-07-25,16.08
2017-07-24,15.94
2017-07-23,15.83
2017-07-22,15.68
2017-07-21,15.53
2017-07-20,15.4
2017-07-19,15.06
2017-07-18,15.06
2017-07-17,14.99
2017-07-16,14.93
2017-07-15,14.78
2017-07-14,14.65
2017-07-13,14.52
2017-07-12,14.4
2017-07-11,14.27
2017-07-10,14.14
2017-07-09,14.04
2017-07-08,13.92
2017-07-07,13.8
2017-07-06,13.71
2017-07-05,13.63
2017-07-04,13.52
2017-07-03,13.43
2017-07-02,13.33
2017-07-01,13.21
2017-06-30,13.09
2017-06-29,13.01
2017-06-28,12.94
2017-06-27,12.89
2017-06-26,12.83
2017-06-25,12.79
2017-06-24,12.7
2017-06-23,12.6
2017-06-22,12.56
2017-06-21,12.54
2017-06-20,12.53
2017-06-19,12.52
2017-06-18,12.49
2017-06-17,12.4
2017-06-16,12.31
2017-06-15,12.22
2017-06-14,12.16
2017-06-13,12.13
2017-06-12,12.05
2017-06-11,11.96
2017-06-10,11.85
2017-06-09,11.75
2017-06-08,11.64
2017-06-07,11.54
2017-06-06,11.45
2017-06-05,11.33
2017-06-04,11.22
2017-06-03,11.1
2017-06-02,10.98
2017-06-01,10.85
2017-05-31,10.74
2017-05-30,10.64
2017-05-29,10.55
2017-05-28,10.46
2017-05-27,10.32
2017-05-26,10.18
2017-05-25,10.04
2017-05-24,9.89
2017-05-23,9.76
2017-05-22,9.63
2017-05-21,9.52
2017-05-20,9.37
2017-05-19,9.24
2017-05-18,9.13
2017-05-17,9.04
2017-05-16,8.94
2017-05-15,8.85
2017-05-14,8.76
2017-05-13,8.66
2017-05-12,8.56
2017-05-11,8.46
2017-05-10,8.38
2017-05-09,8.32
2017-05-08,8.27
2017-05-07,8.23
2017-05-06,8.16
2017-05-05,8.09
2017-05-04,8.02
2017-05-03,7.97
2017-05-02,7.92
2017-05-01,7.89
2017-04-30,7.81
2017-04-29,7.73
2017-04-28,7.67
2017-04-27,7.66
2017-04-26,7.7
2017-04-25,7.71
2017-04-24,7.66
2017-04-23,7.61
2017-04-22,7.54
2017-04-21,7.46
2017-04-20,7.43
2017-04-19,7.44
2017-04-18,7.44
2017-04-17,7.27
2017-04-16,7.21
2017-04-15,7.18
2017-04-14,7.12
2017-04-13,7.05
2017-04-12,6.96
2017-04-11,6.86
2017-04-10,6.77
2017-04-09,6.67
2017-04-08,6.54
2017-04-07,6.44
2017-04-06,6.36
2017-04-05,6.31
2017-04-04,6.25
2017-04-03,6.18
2017-04-02,6.12
2017-04-01,6.05
2017-03-31,5.97
2017-03-30,6.0
2017-03-29,6.02
2017-03-28,6.04
2017-03-27,6.1
2017-03-26,6.16
2017-03-25,6.18
2017-03-24,6.21
2017-03-23,6.28
2017-03-22,6.36
2017-03-21,6.45
2017-03-20,6.53
2017-03-19,6.58
2017-03-18,6.6
2017-03-17,6.62
2017-03-16,6.65
2017-03-15,6.69
2017-03-14,6.74
2017-03-13,6.81
2017-03-12,6.89
2017-03-11,6.89
2017-03-10,6.91
2017-03-09,6.93
2017-03-08,6.99
2017-03-07,7.05
2017-03-06,7.17
2017-03-05,7.29
2017-03-04,7.36
2017-03-03,7.41
2017-03-02,7.48
2017-03-01,7.55
2017-02-28,7.65
2017-02-27,7.78
2017-02-26,7.84
2017-02-25,7.89
2017-02-24,8.0
2017-02-23,8.12
2017-02-22,8.21
2017-02-21,8.27
2017-02-20,8.35
2017-02-19,8.44
2017-02-18,8.53
2017-02-17,8.61
2017-02-16,8.72
2017-02-15,8.81
2017-02-14,8.91
2017-02-13,9.02
2017-02-12,9.15
2017-02-11,9.24
2017-02-10,9.4
2017-02-09,9.61
2017-02-08,9.81
2017-02-07,9.99
2017-02-06,10.15
2017-02-05,10.34
2017-02-04,10.45
2017-02-03,10.54
2017-02-02,10.64
2017-02-01,10.73
2017-01-31,10.87
2017-01-30,11.05
2017-01-29,11.22
2017-01-28,11.35
2017-01-27,11.49
2017-01-26,11.72
2017-01-25,12.02
2017-01-24,12.3
2017-01-23,12.59
2017-01-22,12.87
2017-01-21,13.13
2017-01-20,13.4
2017-01-19,13.7
2017-01-18,14.01
2017-01-17,14.32
2017-01-16,14.63
2017-01-15,14.91
2017-01-14,15.13
2017-01-13,15.35
2017-01-12,15.57
2017-01-11,15.79
2017-01-10,16.04
2017-01-09,16.29
2017-01-08,16.54
2017-01-07,16.76
2017-01-06,17.03
2017-01-05,17.34
2017-01-04,17.63
2017-01-03,17.89
2017-01-02,18.18
2017-01-01,18.42
2016-12-31,18.78
2016-12-30,18.97
2016-12-29,19.16
2016-12-28,19.35
2016-12-27,19.54
2016-12-26,19.71
2016-12-25,19.8
2016-12-24,19.85
2016-12-23,19.94
2016-12-22,20.1
2016-12-21,20.29
2016-12-20,20.49
2016-12-19,20.7
2016-12-18,20.94
2016-12-17,21.11
2016-12-16,21.27
2016-12-15,21.45
2016-12-14,21.64
2016-12-13,21.85
2016-12-12,22.06
2016-12-11,22.28
2016-12-10,22.44
2016-12-09,22.58
2016-12-08,22.75
2016-12-07,22.94
2016-12-06,23.12
2016-12-05,23.3
2016-12-04,23.5
2016-12-03,23.7
2016-12-02,23.89
2016-12-01,24.11
2016-11-30,24.35
2016-11-29,24.57
2016-11-28,24.8
2016-11-27,24.99
2016-11-26,25.11
2016-11-25,25.22
2016-11-24,25.35
2016-11-23,25.47
2016-11-22,25.57
2016-11-21,25.63
2016-11-20,25.68
2016-11-19,25.73
2016-11-18,25.82
2016-11-17,25.9
2016-11-16,26.0
2016-11-15,26.09
2016-11-14,26.17
2016-11-13,26.29
2016-11-12,26.37
2016-11-11,26.45
2016-11-10,26.58
2016-11-09,26.73
2016-11-08,26.88
2016-11-07,27.02
2016-11-06,27.15
2016-11-05,27.22
2016-11-04,27.27
2016-11-03,27.34
2016-11-02,27.46
2016-11-01,27.52
2016-10-31,27.54
2016-10-30,27.54
2016-10-29,27.52
2016-10-28,27.5
2016-10-27,27.51
2016-10-26,27.53
2016-10-25,27.52
2016-10-24,27.52
2016-10-23,27.52
2016-10-22,27.5
2016-10-21,27.48
2016-10-20,27.48
2016-10-19,27.45
2016-10-18,27.45
2016-10-17,27.4
2016-10-16,27.37
2016-10-15,27.31
2016-10-14,27.27
2016-10-13,27.25
2016-10-12,27.23
2016-10-11,27.23
2016-10-10,27.21
2016-10-09,27.19
2016-10-08,27.15
2016-10-07,27.12
2016-10-06,27.12
2016-10-05,27.08
2016-10-04,27.03
2016-10-03,26.96
2016-10-02,26.9
2016-10-01,26.81
2016-09-30,26.72
2016-09-29,26.63
2016-09-28,26.57
2016-09-27,26.5
2016-09-26,26.42
2016-09-25,26.36
2016-09-24,26.26
2016-09-23,26.17
2016-09-22,26.09
2016-09-21,26.03
2016-09-20,25.96
2016-09-19,25.92
2016-09-18,25.88
2016-09-17,25.76
2016-09-16,25.65
2016-09-15,25.57
2016-09-14,25.48
2016-09-13,25.4
2016-09-12,25.33
2016-09-11,25.26
2016-09-10,25.16
2016-09-09,25.06
2016-09-08,24.98
2016-09-07,24.9
2016-09-06,24.83
2016-09-05,24.79
2016-09-04,24.71
2016-09-03,24.56
2016-09-02,24.43
2016-09-01,24.35
2016-08-31,24.24
2016-08-30,24.16
2016-08-29,24.09
2016-08-28,24.02
2016-08-27,23.9
2016-08-26,23.79
2016-08-25,23.67
2016-08-24,23.57
2016-08-23,23.44
2016-08-22,23.24
2016-08-21,23.12
2016-08-20,23.01
2016-08-19,22.83
2016-08-18,22.66
2016-08-17,22.5
2016-08-16,22.34
2016-08-15,22.18
2016-08-14,22.01
2016-08-13,21.84
2016-08-12,21.67
2016-08-11,21.49
2016-08-10,21.32
2016-08-09,21.16
2016-08-08,21.01
2016-08-07,20.84
2016-08-06,20.66
2016-08-05,20.5
2016-08-04,20.33
2016-08-03,20.17
2016-08-02,20.01
2016-08-01,19.85
2016-07-31,19.69
2016-07-30,19.51
2016-07-29,19.33
2016-07-28,19.17
2016-07-27,19.06
2016-07-26,18.97
2016-07-25,18.87
2016-07-24,18.77
2016-07-23,18.58
2016-07-22,18.41
2016-07-21,18.23
2016-07-20,18.06
2016-07-19,17.9
2016-07-18,17.74
2016-07-17,17.6
2016-07-16,17.42
2016-07-15,17.25
2016-07-14,17.09
2016-07-13,16.93
2016-07-12,16.78
2016-07-11,16.64
2016-07-10,16.48
2016-07-09,16.31
2016-07-08,16.12
2016-07-07,15.94
2016-07-06,15.84
2016-07-05,15.76
2016-07-04,15.64
2016-07-03,15.53
2016-07-02,15.33
2016-07-01,15.14
2016-06-30,14.97
2016-06-29,14.81
2016-06-28,14.64
2016-06-27,14.48
2016-06-26,14.33
2016-06-25,14.17
2016-06-24,14.01
2016-06-23,13.88
2016-06-22,13.77
2016-06-21,13.68
2016-06-20,13.6
2016-06-19,13.51
2016-06-18,13.39
2016-06-17,13.26
2016-06-16,13.13
2016-06-15,13.01
2016-06-14,12.9
2016-06-13,12.83
2016-06-12,12.73
2016-06-11,12.58
2016-06-10,12.44
2016-06-09,12.32
2016-06-08,12.25
2016-06-07,12.15
2016-06-06,12.05
2016-06-05,11.94
2016-06-04,11.83
2016-06-03,11.74
2016-06-02,11.68
2016-06-01,11.66
2016-05-31,11.68
2016-05-30,11.7
2016-05-29,11.67
2016-05-28,11.55
2016-05-27,11.41
2016-05-26,11.31
2016-05-25,11.2
2016-05-24,11.11
2016-05-23,11.04
2016-05-22,10.91
2016-05-21,10.76
2016-05-20,10.62
2016-05-19,10.48
2016-05-18,10.35
2016-05-17,10.2
2016-05-16,10.08
2016-05-15,9.91
2016-05-14,9.76
2016-05-13,9.6
2016-05-12,9.45
2016-05-11,9.3
2016-05-10,9.14
2016-05-09,8.98
2016-05-08,8.81
2016-05-07,8.63
2016-05-06,8.44
2016-05-05,8.25
2016-05-04,8.06
2016-05-03,7.91
2016-05-02,7.81
2016-05-01,7.77
2016-04-30,7.7
2016-04-29,7.66
2016-04-28,7.67
2016-04-27,7.69
2016-04-26,7.72
2016-04-25,7.74
2016-04-24,7.72
2016-04-23,7.68
2016-04-22,7.59
2016-04-21,7.51
2016-04-20,7.44
2016-04-19,7.37
2016-04-18,7.33
2016-04-17,7.31
2016-04-16,7.25
2016-04-15,7.16
2016-04-14,7.08
2016-04-13,7.02
2016-04-12,6.95
2016-04-11,6.89
2016-04-10,6.84
2016-04-09,6.75
2016-04-08,6.7
2016-04-07,6.68
2016-04-06,6.64
2016-04-05,6.57
2016-04-04,6.52
2016-04-03,6.45
2016-04-02,6.37
2016-04-01,6.34
2016-03-31,6.31
2016-03-30,6.43
2016-03-29,6.49
2016-03-28,6.54
2016-03-27,6.55
2016-03-26,6.55
2016-03-25,6.57
2016-03-24,6.63
2016-03-23,6.72
2016-03-22,6.8
2016-03-21,6.87
2016-03-20,7.01
2016-03-19,7.07
2016-03-18,7.13
2016-03-17,7.23
2016-03-16,7.38
2016-03-15,7.51
2016-03-14,7.61
2016-03-13,7.73
2016-03-12,7.81
2016-03-11,7.89
2016-03-10,8.02
2016-03-09,8.19
2016-03-08,8.34
2016-03-07,8.52
2016-03-06,8.72
2016-03-05,8.82
2016-03-04,8.95
2016-03-03,9.12
2016-03-02,9.32
2016-03-01,9.44
2016-02-29,9.63
2016-02-28,9.85
2016-02-27,9.98
2016-02-26,10.1
2016-02-25,10.27
2016-02-24,10.44
2016-02-23,10.61
2016-02-22,10.75
2016-02-21,10.83
2016-02-20,10.89
2016-02-19,11.0
2016-02-18,11.2
2016-02-17,11.47
2016-02-16,11.73
2016-02-15,11.99
2016-02-14,12.21
2016-02-13,12.34
2016-02-12,12.46
2016-02-11,12.62
2016-02-10,12.82
2016-02-09,13.05
2016-02-08,13.24
2016-02-07,13.39
2016-02-06,13.48
2016-02-05,13.58
2016-02-04,13.73
2016-02-03,13.92
2016-02-02,14.1
2016-02-01,14.23
2016-01-31,14.32
2016-01-30,14.44
2016-01-29,14.58
2016-01-28,14.74
2016-01-27,14.9
2016-01-26,15.03
2016-01-25,15.19
2016-01-24,15.35
2016-01-23,15.48
2016-01-22,15.66
2016-01-21,15.93
2016-01-20,16.23
2016-01-19,16.52
2016-01-18,16.82
2016-01-17,17.13
2016-01-16,17.36
2016-01-15,17.58
2016-01-14,17.81
2016-01-13,18.01
2016-01-12,18.23
2016-01-11,18.43
2016-01-10,18.62
2016-01-09,18.75
2016-01-08,18.88
2016-01-07,19.09
2016-01-06,19.29
2016-01-05,19.48
2016-01-04,19.64
2016-01-03,19.81
2016-01-02,19.9
2016-01-01,19.98
2015-12-31,21.89
2015-12-30,21.99
2015-12-29,22.08
2015-12-28,22.18
2015-12-27,22.28
2015-12-26,22.33
2015-12-25,22.35
2015-12-24,22.39
2015-12-23,22.44
2015-12-22,22.52
2015-12-21,22.57
2015-12-20,22.64
2015-12-19,22.65
2015-12-18,22.65
2015-12-17,22.76
2015-12-16,22.84
2015-12-15,22.96
2015-12-14,23.13
2015-12-13,23.32
2015-12-12,23.47
2015-12-11,23.61
2015-12-10,23.81
2015-12-09,24.04
2015-12-08,24.22
2015-12-07,24.39
2015-12-06,24.55
2015-12-05,24.65
2015-12-04,24.79
2015-12-03,24.96
2015-12-02,25.16
2015-12-01,25.37
2015-11-30,25.57
2015-11-29,25.77
2015-11-28,25.9
2015-11-27,26.09
2015-11-26,26.33
2015-11-25,26.58
2015-11-24,26.82
2015-11-23,27.11
2015-11-22,27.37
2015-11-21,27.56
2015-11-20,27.66
2015-11-19,27.77
2015-11-18,27.84
2015-11-17,27.95
2015-11-16,28.06
2015-11-15,28.14
2015-11-14,28.19
2015-11-13,28.29
2015-11-12,28.36
2015-11-11,28.43
2015-11-10,28.46
2015-11-09,28.52
2015-11-08,28.57
2015-11-07,28.57
2015-11-06,28.55
2015-11-05,28.59
2015-11-04,28.68
2015-11-03,28.76
2015-11-02,28.85
2015-11-01,28.94
2015-10-31,28.96
2015-10-30,28.91
2015-10-29,28.88
2015-10-28,28.87
2015-10-27,28.88
2015-10-26,28.88
2015-10-25,28.85
2015-10-24,28.79
2015-10-23,28.73
2015-10-22,28.75
2015-10-21,28.79
2015-10-20,28.81
2015-10-19,28.87
2015-10-18,28.94
2015-10-17,28.93
2015-10-16,28.96
2015-10-15,29.04
2015-10-14,29.13
2015-10-13,29.16
2015-10-12,29.16
2015-10-11,29.11
2015-10-10,29.04
2015-10-09,28.97
2015-10-08,28.93
2015-10-07,28.93
2015-10-06,28.88
2015-10-05,28.81
2015-10-04,28.74
2015-10-03,28.64
2015-10-02,28.55
2015-10-01,28.5
2015-09-30,28.45
2015-09-29,28.37
2015-09-28,28.28
2015-09-27,28.2
2015-09-26,28.08
2015-09-25,27.96
2015-09-24,27.9
2015-09-23,27.87
2015-09-22,27.81
2015-09-21,27.72
2015-09-20,27.62
2015-09-19,27.48
2015-09-18,27.34
2015-09-17,27.22
2015-09-16,27.11
2015-09-15,27.02
2015-09-14,26.91
2015-09-13,26.79
2015-09-12,26.64
2015-09-11,26.49
2015-09-10,26.38
2015-09-09,26.29
2015-09-08,26.26
2015-09-07,26.2
2015-09-06,26.14
2015-09-05,25.99
2015-09-04,25.84
2015-09-03,25.71
2015-09-02,25.59
2015-09-01,25.46
2015-08-31,25.3
2015-08-30,25.14
2015-08-29,24.96
2015-08-28,24.78
2015-08-27,24.64
2015-08-26,24.5
2015-08-25,24.35
2015-08-24,24.2
2015-08-23,24.04
2015-08-22,23.88
2015-08-21,23.72
2015-08-20,23.54
2015-08-19,23.37
2015-08-18,23.22
2015-08-17,23.08
2015-08-16,22.92
2015-08-15,22.74
2015-08-14,22.55
2015-08-13,22.36
2015-08-12,22.19
2015-08-11,22.02
2015-08-10,21.85
2015-08-09,21.67
2015-08-08,21.48
2015-08-07,21.3
2015-08-06,21.14
2015-08-05,20.95
2015-08-04,20.8
2015-08-03,20.63
2015-08-02,20.44
2015-08-01,20.24
2015-07-31,20.05
2015-07-30,19.88
2015-07-29,19.71
2015-07-28,19.53
2015-07-27,19.36
2015-07-26,19.17
2015-07-25,18.98
2015-07-24,18.78
2015-07-23,18.6
2015-07-22,18.42
2015-07-21,18.25
2015-07-20,18.07
2015-07-19,17.89
2015-07-18,17.67
2015-07-17,17.46
2015-07-16,17.25
2015-07-15,17.09
2015-07-14,16.92
2015-07-13,16.72
2015-07-12,16.54
2015-07-11,16.33
2015-07-10,16.12
2015-07-09,15.93
2015-07-08,15.74
2015-07-07,15.56
2015-07-06,15.39
2015-07-05,15.21
2015-07-04,15.0
2015-07-03,14.8
2015-07-02,14.62
2015-07-01,14.44
2015-06-30,14.27
2015-06-29,14.12
2015-06-28,13.98
2015-06-27,13.81
2015-06-26,13.63
2015-06-25,13.49
2015-06-24,13.35
2015-06-23,13.23
2015-06-22,13.1
2015-06-21,12.98
2015-06-20,12.84
2015-06-19,12.71
2015-06-18,12.6
2015-06-17,12.48
2015-06-16,12.36
2015-06-15,12.23
2015-06-14,12.12
2015-06-13,11.99
2015-06-12,11.86
2015-06-11,11.72
2015-06-10,11.59
2015-06-09,11.48
2015-06-08,11.35
2015-06-07,11.23
2015-06-06,11.08
2015-06-05,10.92
2015-06-04,10.76
2015-06-03,10.61
2015-06-02,10.48
2015-06-01,10.36
2015-05-31,10.23
2015-05-30,10.09
2015-05-29,9.95
2015-05-28,9.86
2015-05-27,9.77
2015-05-26,9.68
2015-05-25,9.6
2015-05-24,9.49
2015-05-23,9.36
2015-05-22,9.23
2015-05-21,9.15
2015-05-20,9.1
2015-05-19,9.04
2015-05-18,8.96
2015-05-17,8.86
2015-05-16,8.7
2015-05-15,8.55
2015-05-14,8.42
2015-05-13,8.28
2015-05-12,8.16
2015-05-11,8.04
2015-05-10,7.93
2015-05-09,7.82
2015-05-08,7.74
2015-05-07,7.64
2015-05-06,7.54
2015-05-05,7.44
2015-05-04,7.33
2015-05-03,7.23
2015-05-02,7.12
2015-05-01,7.03
2015-04-30,6.94
2015-04-29,6.89
2015-04-28,6.84
2015-04-27,6.78
2015-04-26,6.72
2015-04-25,6.6
2015-04-24,6.49
2015-04-23,6.42
2015-04-22,6.39
2015-04-21,6.32
2015-04-20,6.27
2015-04-19,6.23
2015-04-18,6.16
2015-04-17,6.08
2015-04-16,6.0
2015-04-15,5.96
2015-04-14,5.91
2015-04-13,5.87
2015-04-12,5.84
2015-04-11,5.77
2015-04-10,5.71
2015-04-09,5.68
2015-04-08,5.64
2015-04-07,5.63
2015-04-06,5.66
2015-04-05,5.63
2015-04-04,5.59
2015-04-03,5.55
2015-04-02,5.56
2015-04-01,5.6
2015-03-31,5.62
2015-03-30,5.68
2015-03-29,5.75
2015-03-28,5.77
2015-03-27,5.8
2015-03-26,5.89
2015-03-25,6.0
2015-03-24,6.11
2015-03-23,6.21
2015-03-22,6.31
2015-03-21,6.37
2015-03-20,6.42
2015-03-19,6.48
2015-03-18,6.55
2015-03-17,6.62
2015-03-16,6.7
2015-03-15,6.83
2015-03-14,6.93
2015-03-13,7.02
2015-03-12,7.12
2015-03-11,7.21
2015-03-10,7.31
2015-03-09,7.38
2015-03-08,7.5
2015-03-07,7.58
2015-03-06,7.68
2015-03-05,7.83
2015-03-04,8.0
2015-03-03,8.14
2015-03-02,8.3
2015-03-01,8.43
2015-02-28,8.54
2015-02-27,8.7
2015-02-26,8.88
2015-02-25,9.05
2015-02-24,9.24
2015-02-23,9.46
2015-02-22,9.7
2015-02-21,9.9
2015-02-20,10.09
2015-02-19,10.3
2015-02-18,10.53
2015-02-17,10.76
2015-02-16,10.98
2015-02-15,11.21
2015-02-14,11.37
2015-02-13,11.54
2015-02-12,11.74
2015-02-11,11.98
2015-02-10,12.27
2015-02-09,12.57
2015-02-08,12.91
2015-02-07,13.17
2015-02-06,13.48
2015-02-05,13.85
2015-02-04,14.23
2015-02-03,14.58
2015-02-02,14.93
2015-02-01,15.27
2015-01-31,15.57
2015-01-30,15.82
2015-01-29,16.13
2015-01-28,16.42
2015-01-27,16.7
2015-01-26,17.0
2015-01-25,17.31
2015-01-24,17.61
2015-01-23,17.91
2015-01-22,18.24
2015-01-21,18.54
2015-01-20,18.85
2015-01-19,19.16
2015-01-18,19.48
2015-01-17,19.72
2015-01-16,19.92
2015-01-15,20.13
2015-01-14,20.34
2015-01-13,20.59
2015-01-12,20.82
2015-01-11,21.03
2015-01-10,21.17
2015-01-09,21.28
2015-01-08,21.44
2015-01-07,21.66
2015-01-06,21.93
2015-01-05,22.21
2015-01-04,22.47
2015-01-03,22.63
2015-01-02,22.79
2015-01-01,23.02
2014-12-31,25.05
2014-12-30,25.26
2014-12-29,25.5
2014-12-28,25.8
2014-12-27,26.02
2014-12-26,26.18
2014-12-25,26.32
2014-12-24,26.44
2014-12-23,26.55
2014-12-22,26.71
2014-12-21,26.89
2014-12-20,27.04
2014-12-19,27.18
2014-12-18,27.32
2014-12-17,27.47
2014-12-16,27.64
2014-12-15,27.82
2014-12-14,28.05
2014-12-13,28.22
2014-12-12,28.37
2014-12-11,28.56
2014-12-10,28.78
2014-12-09,29.05
2014-12-08,29.33
2014-12-07,29.56
2014-12-06,29.79
2014-12-05,30.02
2014-12-04,30.28
2014-12-03,30.54
2014-12-02,30.83
2014-12-01,31.06
2014-11-30,31.31
2014-11-29,31.43
2014-11-28,31.52
2014-11-27,31.63
2014-11-26,31.75
2014-11-25,31.89
2014-11-24,32.0
2014-11-23,32.09
2014-11-22,32.13
2014-11-21,32.18
2014-11-20,32.28
2014-11-19,32.39
2014-11-18,32.5
2014-11-17,32.62
2014-11-16,32.73
2014-11-15,32.79
2014-11-14,32.84
2014-11-13,32.9
2014-11-12,32.98
2014-11-11,33.08
2014-11-10,33.14
2014-11-09,33.23
2014-11-08,33.29
2014-11-07,33.33
2014-11-06,33.36
2014-11-05,33.42
2014-11-04,33.49
2014-11-03,33.51
2014-11-02,33.51
2014-11-01,33.45
2014-10-31,33.4
2014-10-30,33.39
2014-10-29,33.41
2014-10-28,33.44
2014-10-27,33.44
2014-10-26,33.4
2014-10-25,33.35
2014-10-24,33.3
2014-10-23,33.25
2014-10-22,33.25
2014-10-21,33.25
2014-10-20,33.18
2014-10-19,33.12
2014-10-18,33.05
2014-10-17,32.98
2014-10-16,32.93
2014-10-15,32.89
2014-10-14,32.84
2014-10-13,32.78
2014-10-12,32.71
2014-10-11,32.59
2014-10-10,32.5
2014-10-09,32.44
2014-10-08,32.43
2014-10-07,32.41
2014-10-06,32.39
2014-10-05,32.38
2014-10-04,32.31
2014-10-03,32.23
2014-10-02,32.19
2014-10-01,32.16
2014-09-30,32.13
2014-09-29,32.1
2014-09-28,32.07
2014-09-27,31.98
2014-09-26,31.9
2014-09-25,31.88
2014-09-24,31.88
2014-09-23,31.86
2014-09-22,31.89
2014-09-21,31.85
2014-09-20,31.81
2014-09-19,31.74
2014-09-18,31.69
2014-09-17,31.58
2014-09-16,31.46
2014-09-15,31.36
2014-09-14,31.27
2014-09-13,31.16
2014-09-12,31.04
2014-09-11,30.99
2014-09-10,30.94
2014-09-09,30.87
2014-09-08,30.8
2014-09-07,30.74
2014-09-06,30.62
2014-09-05,30.5
2014-09-04,30.39
2014-09-03,30.29
2014-09-02,30.23
2014-09-01,30.16
2014-08-31,30.11
2014-08-30,29.98
2014-08-29,29.87
2014-08-28,29.77
2014-08-27,29.68
2014-08-26,29.59
2014-08-25,29.49
2014-08-24,29.38
2014-08-23,29.25
2014-08-22,29.11
2014-08-21,28.97
2014-08-20,28.81
2014-08-19,28.69
2014-08-18,28.57
2014-08-17,28.46
2014-08-16,28.33
2014-08-15,28.21
2014-08-14,28.08
2014-08-13,27.95
2014-08-12,27.79
2014-08-11,27.62
2014-08-10,27.44
2014-08-09,27.25
2014-08-08,27.05
2014-08-07,26.86
2014-08-06,26.67
2014-08-05,26.47
2014-08-04,26.28
2014-08-03,26.1
2014-08-02,25.9
2014-08-01,25.71
2014-07-31,25.52
2014-07-30,25.33
2014-07-29,25.14
2014-07-28,24.95
2014-07-27,24.75
2014-07-26,24.56
2014-07-25,24.37
2014-07-24,24.18
2014-07-23,24.0
2014-07-22,23.82
2014-07-21,23.64
2014-07-20,23.45
2014-07-19,23.25
2014-07-18,23.05
2014-07-17,22.87
2014-07-16,22.73
2014-07-15,22.57
2014-07-14,22.41
2014-07-13,22.24
2014-07-12,22.06
2014-07-11,21.88
2014-07-10,21.72
2014-07-09,21.57
2014-07-08,21.44
2014-07-07,21.31
2014-07-06,21.17
2014-07-05,21.01
2014-07-04,20.86
2014-07-03,20.72
2014-07-02,20.62
2014-07-01,20.52
2014-06-30,20.43
2014-06-29,20.34
2014-06-28,20.19
2014-06-27,20.03
2014-06-26,19.87
2014-06-25,19.73
2014-06-24,19.58
2014-06-23,19.43
2014-06-22,19.28
2014-06-21,19.11
2014-06-20,18.94
2014-06-19,18.79
2014-06-18,18.63
2014-06-17,18.48
2014-06-16,18.32
2014-06-15,18.19
2014-06-14,18.04
2014-06-13,17.89
2014-06-12,17.74
2014-06-11,17.59
2014-06-10,17.43
2014-06-09,17.3
2014-06-08,17.13
2014-06-07,16.96
2014-06-06,16.79
2014-06-05,16.63
2014-06-04,16.51
2014-06-03,16.4
2014-06-02,16.27
2014-06-01,16.14
2014-05-31,15.99
2014-05-30,15.83
2014-05-29,15.66
2014-05-28,15.48
2014-05-27,15.36
2014-05-26,15.23
2014-05-25,15.13
2014-05-24,14.97
2014-05-23,14.81
2014-05-22,14.68
2014-05-21,14.54
2014-05-20,14.42
2014-05-19,14.29
2014-05-18,14.17
2014-05-17,14.0
2014-05-16,13.84
2014-05-15,13.7
2014-05-14,13.59
2014-05-13,13.49
2014-05-12,13.39
2014-05-11,13.28
2014-05-10,13.16
2014-05-09,13.02
2014-05-08,12.87
2014-05-07,12.72
2014-05-06,12.59
2014-05-05,12.48
2014-05-04,12.37
2014-05-03,12.24
2014-05-02,12.11
2014-05-01,12.01
2014-04-30,11.9
2014-04-29,11.76
2014-04-28,11.71
2014-04-27,11.68
2014-04-26,11.6
2014-04-25,11.52
2014-04-24,11.42
2014-04-23,11.34
2014-04-22,11.23
2014-04-21,11.13
2014-04-20,11.01
2014-04-19,10.89
2014-04-18,10.78
2014-04-17,10.68
2014-04-16,10.61
2014-04-15,10.57
2014-04-14,10.55
2014-04-13,10.5
2014-04-12,10.41
2014-04-11,10.32
2014-04-10,10.26
2014-04-09,10.2
2014-04-08,10.16
2014-04-07,10.1
2014-04-06,9.98
2014-04-05,9.86
2014-04-04,9.74
2014-04-03,9.68
2014-04-02,9.6
2014-04-01,9.51
2014-03-31,9.46
2014-03-30,9.41
2014-03-29,9.34
2014-03-28,9.32
2014-03-27,9.4
2014-03-26,9.52
2014-03-25,9.59
2014-03-24,9.67
2014-03-23,9.76
2014-03-22,9.81
2014-03-21,9.83
2014-03-20,9.83
2014-03-19,9.83
2014-03-18,9.85
2014-03-17,9.86
2014-03-16,9.88
2014-03-15,9.88
2014-03-14,9.89
2014-03-13,9.94
2014-03-12,9.99
2014-03-11,10.06
2014-03-10,10.12
2014-03-09,10.18
2014-03-08,10.23
2014-03-07,10.29
2014-03-06,10.39
2014-03-05,10.5
2014-03-04,10.63
2014-03-03,10.79
2014-03-02,10.95
2014-03-01,11.05
2014-02-28,11.19
2014-02-27,11.41
2014-02-26,11.59
2014-02-25,11.75
2014-02-24,11.9
2014-02-23,12.05
2014-02-22,12.19
2014-02-21,12.35
2014-02-20,12.53
2014-02-19,12.7
2014-02-18,12.88
2014-02-17,13.08
2014-02-16,13.3
2014-02-15,13.48
2014-02-14,13.66
2014-02-13,13.86
2014-02-12,14.13
2014-02-11,14.39
2014-02-10,14.62
2014-02-09,14.86
2014-02-08,15.05
2014-02-07,15.23
2014-02-06,15.42
2014-02-05,15.61
2014-02-04,15.81
2014-02-03,16.0
2014-02-02,16.21
2014-02-01,16.44
2014-01-31,16.64
2014-01-30,16.83
2014-01-29,17.04
2014-01-28,17.26
2014-01-27,17.48
2014-01-26,17.68
2014-01-25,17.79
2014-01-24,17.92
2014-01-23,18.09
2014-01-22,18.29
2014-01-21,18.48
2014-01-20,18.67
2014-01-19,18.84
2014-01-18,18.97
2014-01-17,19.09
2014-01-16,19.21
2014-01-15,19.33
2014-01-14,19.47
2014-01-13,19.63
2014-01-12,19.73
2014-01-11,19.82
2014-01-10,19.89
2014-01-09,19.99
2014-01-08,20.05
2014-01-07,20.11
2014-01-06,20.19
2014-01-05,20.27
2014-01-04,20.38
2014-01-03,20.46
2014-01-02,20.51
2014-01-01,20.56
